consensus;gencode_chr;gencode_start;gencode_end;gencode_gene_name;gencode_characterization;homer_Annotation;homer_Gene.Name;KO1_Tprog;KO2_Tprog;KO3_Tprog;WT1_Tprog;WT2_Tprog;WT3_Tprog;normalized_KO1_Tprog;normalized_KO2_Tprog;normalized_KO3_Tprog;normalized_WT1_Tprog;normalized_WT2_Tprog;normalized_WT3_Tprog;baseMean__group_KO_Tprog_vs_WT_Tprog;log2FoldChange__group_KO_Tprog_vs_WT_Tprog;lfcSE__group_KO_Tprog_vs_WT_Tprog;pvalue__group_KO_Tprog_vs_WT_Tprog;padj__group_KO_Tprog_vs_WT_Tprog
CONS00000106475;chr7;142994869;142995580;Tspan32;distal;Intergenic;Tspan32;48;36;21;65;162;93;48.4304413097899;38.0013588336892;26.9455897669912;76.1304492838162;125.148259382696;98.349050416651;74.9264795203446;-0.975858294388163;0.255796379643722;3.01392576705688E-07;0.000856180962277
CONS00000084813;chr4;149487682;149488233;Lzic;gene_body;intron (NM_026963, intron 2 of 6);Lzic;68;57;28;109;209;115;68.6097918555357;60.1688181533413;35.9274530226549;127.664907260553;161.456705006071;121.61441718188;101.10101929656;-0.958244179569998;0.233630160074833;1.67628154900829E-07;0.000529099645594
CONS00000028849;chr12;114059436;114060651;Ighv14-3;TSS_proximal;Intergenic;Mir7094-1;36;20;28;64;99;88;36.3228309823424;21.1118660187162;35.9274530226549;74.9592116025268;76.479491844981;93.0614670609171;59.4147680434473;-0.934880419702815;0.272835244571908;1.04493346027219E-06;0.001891898565116
CONS00000032790;chr13;75832586;75833189;Glrx;distal;Intergenic;Glrx;41;47;41;76;133;123;41.3676686187789;49.6128851439832;52.6080562117447;89.0140637780005;102.745175912954;130.074550551055;99.4997834872309;-0.865152728873862;0.227594350932427;9.04106033783952E-07;0.001771268424463
CONS00000043721;chr15;86342842;86343527;Tbc1d22a;gene_body;intron (NM_001358062, intron 5 of 9);Tbc1d22a;76;44;34;84;211;119;76.681532073834;46.4461052411757;43.626192956081;98.3839652283164;163.001745245364;125.844483866467;103.856029079867;-0.864629069918225;0.245061829172258;1.66793282745829E-06;0.002291682317599
CONS00000103041;chr7;84386294;84387132;Arnt2;gene_body;intron (NM_007488, intron 1 of 18);Arnt2;60;91;65;138;297;123;60.5380516372374;96.0589903851589;83.4030159454489;161.630800017948;229.438475534943;130.074550551055;135.688421585749;-0.862998220115145;0.212022121756149;4.52320811237915E-07;0.00107908549398
CONS00000002189;chr1;61026621;61027991;Icos;intergenic;Intergenic;Icos;76;76;70;133;230;168;76.681532073834;80.2250908711217;89.8186325566373;155.774611611501;177.679627518643;177.66280075266;122.968445121497;-0.862320395769661;0.180924892507399;4.00612146996706E-08;0.00022553251135
CONS00000001422;chr1;43896993;43897595;Tpp2;intergenic;Intergenic;Tpp2;69;43;40;79;180;144;69.618759382823;45.3905119402399;51.324932889507;92.527776821869;139.053621536329;152.282400645137;103.365200248731;-0.843949470110703;0.253945263693946;2.93972398445506E-06;0.003036734875942
CONS00000032240;chr13;60936348;60937009;Ctla2a;TSS;promoter-TSS (NM_001145799);Ctla2a;59;58;38;83;242;93;59.5290841099501;61.2244114542771;48.7586862450317;97.2127275470269;186.949868954398;98.349050416651;102.194262666731;-0.82533104693686;0.255597478918397;4.04444287726002E-06;0.003788834954772
CONS00000096425;chr6;97222975;97223574;Arl6ip5;gene_body;intron (NM_022992, intron 1 of 2);Arl6ip5;32;27;30;64;104;71;32.2869608731933;28.5010191252669;38.4936996671303;74.9592116025268;80.3420924432124;75.0836836514217;66.5179715128524;-0.795432963640405;0.288012261516759;1.03110148785941E-05;0.00705807602804
CONS00000019779;chr11;76572675;76573344;Abr;gene_body;intron (NM_198894, intron 1 of 22);Abr;74;80;63;122;249;142;74.6635970192594;84.447464074865;80.8367693009736;142.890997117317;192.357509791922;150.167367302843;96.0528521947013;-0.791040693978032;0.207316383203981;1.50484566433053E-06;0.002220137073542
CONS00000003698;chr1;92803169;92803909;Gpc1;intergenic;Intergenic;Gpc1;41;32;29;56;129;78;41.3676686187789;33.778985629946;37.2105763448926;65.5893101522109;99.6550954343692;82.4863003494492;78.6231727176722;-0.786965281439304;0.265581607383561;8.40114021985713E-06;0.00638409406573
CONS00000075007;chr3;94387951;94388723;Rorc;gene_body;intron (NM_001293734, intron 3 of 9);Lingo4;73;55;65;146;208;115;73.6546294919721;58.0576315514697;83.4030159454489;171.000701468264;160.684184886425;121.61441718188;113.980094716901;-0.762321856425619;0.251619153034667;9.05841468284619E-06;0.006598126028281
CONS00000067494;chr2;102948050;102948981;Cd44;intergenic;Intergenic;Cd44;132;93;67;167;319;170;133.183713601922;98.1701769870305;85.9692625899243;195.596692775343;246.433918167161;179.777834094953;159.905903766575;-0.748031776499237;0.208398628721081;3.28627311577778E-06;0.003334100126302
CONS00000009528;chr10;17566664;17567445;Cited2;intergenic;Intergenic;Cited2;76;72;49;107;184;140;76.681532073834;76.0027176673785;62.8730427896461;125.322431897974;142.143702014914;148.05233396055;100.242394381477;-0.717563646100436;0.216954183368734;6.99466993568353E-06;0.005677173891369
CONS00000098469;chr6;134047907;134048547;Etv6;gene_body;intron (NM_007961, intron 1 of 7);Etv6;142;91;76;174;301;184;143.273388874795;96.0589903851589;97.5173724900634;203.79535654437;232.528556013528;194.583067491008;151.484684164493;-0.711517893497598;0.199139395004709;4.02096721648241E-06;0.003788834954772
CONS00000004083;chr1;106320981;106321939;Phlpp1;gene_body;intron (NM_133821, intron 4 of 16);Phlpp1;60;42;43;98;143;94;60.5380516372374;44.3349186393041;55.1743028562201;114.781292766369;110.470377109417;99.4065670877978;68.8056775835636;-0.70705769592324;0.259877304045102;2.12020883199299E-05;0.011521620484361
CONS00000049094;chr16;92801469;92802081;Runx1;gene_body;intron (NM_001111021, intron 2 of 7);Runx1;133;131;72;193;304;189;134.192681129209;138.282722422591;92.3848792011127;226.04887248887;234.846116372467;199.870650846742;187.201969001712;-0.697745906800797;0.178110342437357;1.77319878357625E-06;0.002291682317599
CONS00000062338;chr19;60212210;60213205;Fam204a;gene_body;exon (NM_001358273, exon 6 of 8);Fam204a;41;30;43;89;103;77;41.3676686187789;31.6677990280744;55.1743028562201;104.240153634764;79.5695723235661;81.4287836783024;74.6629522757719;-0.69241490002462;0.281985310330013;3.39156109711217E-05;0.015109445758039
CONS00000109255;chr8;81703373;81704448;Inpp4b;gene_body;intron (NM_001297593, intron 2 of 23);Inpp4b;51;33;35;74;100;111;51.4573438916518;34.8345789308818;44.9093162783186;86.6715884154216;77.2520119646273;117.384350497293;74.3728819780117;-0.691708226089941;0.296364884165599;3.93430666581206E-05;0.017063178108253
CONS00000009328;chr10;12874752;12875339;Utrn;distal;Intergenic;Utrn;78;103;78;135;277;158;78.6994671284086;108.726109996389;100.083619134539;158.11708697408;213.988073142018;167.087634041192;145.288959423908;-0.681333358792749;0.22806438840572;1.53828872365934E-05;0.009103945191115
CONS00000096917;chr6;108671973;108672805;Bhlhe40;intergenic;Intergenic;0610040F04Rik;79;112;86;167;267;145;79.7084346556959;118.226449704811;110.34860571244;195.596692775343;206.262871945555;153.339917316284;178.593829257096;-0.678650657044119;0.197238622588851;6.0805142436328E-06;0.005156185324657
CONS00000088201;chr5;77130174;77130920;Hopx;intergenic;Intergenic;Hopx;92;101;104;175;289;179;92.8250125104306;106.614923394517;133.444825512718;204.966594225659;223.258314577773;189.295484135274;123.84668667817;-0.678536223107353;0.221915106147918;1.3609067011043E-05;0.00859110158036
CONS00000089212;chr5;105839789;105840430;Zfp326;intergenic;Intergenic;Zfp326;84;98;59;111;213;190;84.7532722921323;103.44814349171;75.7042760120229;130.007382623132;164.546785484656;200.928167517889;139.925368707095;-0.678393341064202;0.225206639599857;1.48595137835113E-05;0.008981311442662
CONS00000038213;chr14;72777731;72778437;Fndc3a;intergenic;Intergenic;Fndc3a;90;89;56;114;227;146;90.807077455856;93.9478037832873;71.8549060453098;133.521095667001;175.362067159704;154.397433987431;118.68518619361;-0.654703314967394;0.212760364045213;1.42353340827773E-05;0.008845983917366
CONS00000003801;chr1;94047924;94048702;Pdcd1;gene_body;intron (NM_008798, intron 1 of 4);Pdcd1;118;85;64;161;245;146;119.0581682199;89.725430579544;82.1198926232112;188.569266687606;189.267429313337;154.397433987431;125.659587807143;-0.654623545913514;0.22026710591868;1.75744054315464E-05;0.00988603806528
CONS00000074989;chr3;93562227;93562852;S100a10;gene_body;intron (NM_009112, intron 2 of 2);S100a10;50;39;41;73;121;104;50.4483763643645;41.1681387364967;52.6080562117447;85.5003507341321;93.474934477199;109.981733799266;78.5277035940902;-0.648404480246885;0.285895478058284;5.80555916352591E-05;0.02213710361582
CONS00000088635;chr5;93151901;93152921;Septin11;gene_body;intron (NM_001009818, intron 3 of 9);Ccni;94;157;82;183;326;171;94.8429475650052;165.728148246923;105.216112423489;214.336495675975;251.841559004685;180.8353507661;251.846025317995;-0.646925643435256;0.202576848199907;1.13933823406023E-05;0.007526918810248
CONS00000089119;chr5;105004037;105004802;Abcg3;intergenic;Intergenic;Abcg3;17;12;16;29;63;53;17.1524479638839;12.6671196112297;20.5299731558028;33.9658927573949;48.6687675377152;56.0483835707796;33.9558162472589;-0.645121573524554;0.403365218945179;6.63014770289321E-05;0.023543240108742
CONS00000057725;chr18;73764958;73765520;Elac1;intergenic;non-coding (NR_157387, exon 16 of 16);Elac1;18;16;40;68;69;71;18.1614154911712;16.889492814973;51.324932889507;79.6441623276847;53.3038882555928;75.0836836514217;58.8066660659383;-0.644061751006812;0.368237838946398;8.06986496999452E-05;0.025903354704533
CONS00000026456;chr12;77138626;77139276;Fut8;intergenic;Intergenic;Fut8;75;77;40;126;178;104;75.6725645465467;81.2806841720575;51.324932889507;147.575947842475;137.508581297037;109.981733799266;96.107175934875;-0.64246738285179;0.251110415828599;3.91292154143721E-05;0.017063178108253
CONS00000085231;chr4;155360918;155362059;Prkcz;TSS_proximal;promoter-TSS (NM_008860);Prkcz;91;93;105;212;292;142;91.8160449831433;98.1701769870305;134.727948834956;248.30238843337;225.575874936712;150.167367302843;132.351798485233;-0.638536976540201;0.268748743970476;5.32150081733632E-05;0.021291624573026
CONS00000009078;chr10;7482653;7484133;Ulbp1;distal;Intergenic;Ulbp1;56;48;36;81;126;95;56.5021815280882;50.668478444919;46.1924396005563;94.8702521844479;97.3375350754304;100.464083758945;79.7104794628475;-0.624300629320913;0.267127587144009;6.09752447085857E-05;0.022279886972676
CONS00000108545;chr8;68157050;68158158;Psd3;gene_body;Intergenic;Sh2d4a;135;99;89;185;260;177;136.210616183784;104.503736792645;114.197975679153;216.678971038554;200.855231108031;187.180450792981;149.340419281081;-0.622798758297986;0.183586934588611;7.54592617442254E-06;0.005954469383331
CONS00000096890;chr6;108503580;108504170;Itpr1;gene_body;intron (NM_010585, intron 53 of 61);Mir7661;35;65;31;65;169;80;35.3138634550551;68.6135645608278;39.7768229893679;76.1304492838162;130.55590022022;84.6013336917428;100.150963019032;-0.611208664430273;0.309230554511914;0.000104164462813;0.028663912414595
CONS00000068755;chr2;127318060;127318588;Dusp2;intergenic;Intergenic;Dusp2;52;51;39;77;120;106;52.466311418939;53.8352583477264;50.0418095672694;90.18530145929;92.7024143575527;112.096767141559;90.9088966834452;-0.609880562106387;0.268512890023981;7.27014315304655E-05;0.025151577658123
CONS00000078600;chr4;6476249;6476874;Nsmaf;intergenic;Intergenic;Nsmaf;50;40;35;48;180;82;50.4483763643645;42.2237320374325;44.9093162783186;56.2194087018951;139.053621536329;86.7163670340364;110.560122723161;-0.608653629790576;0.31761249056064;0.000111720891227;0.029250794631694
CONS00000102573;chr7;78909023;78909524;Aen;gene_body;non-coding (NR_153795, exon 3 of 3);Isg20;40;47;28;79;143;55;40.3587010914916;49.6128851439832;35.9274530226549;92.527776821869;110.470377109417;58.1634169130732;70.663981219574;-0.606871565735347;0.318876733708018;0.000114464028536;0.029440993645992
CONS00000064265;chr2;32038343;32039017;Nup214;gene_body;intron (NM_172268, intron 30 of 35);Mir7674;53;49;32;82;123;83;53.4752789462263;51.7240717458548;41.0599463116056;96.0414898657374;95.0199747164915;87.7738837051831;74.6659861474624;-0.605231114083545;0.274810221153884;8.25687022479883E-05;0.026207490604578
CONS00000074986;chr3;93549855;93550466;S100a10;distal;Intergenic;S100a10;125;117;94;201;311;149;126.120940910911;123.50441620949;120.613592290342;235.418773939186;240.253757209991;157.569984000871;178.669515476963;-0.602246751856365;0.206375113330085;2.23812870600954E-05;0.011679037247881
CONS00000117069;chr9;104331181;104331738;Acpp;gene_body;intron (NM_019807, intron 1 of 10);Acpp;27;15;33;70;67;76;27.2421232367568;15.8338995140372;42.3430696338433;81.9866376902636;51.7588480163003;80.3712670071557;48.7381374499725;-0.601959976706914;0.384757553554629;0.000114498947421;0.029440993645992
CONS00000086785;chr5;37044696;37045297;Jakmip1;gene_body;Intergenic;Jakmip1;125;100;56;170;319;132;126.120940910911;105.559330093581;71.8549060453098;199.110405819212;246.433918167161;139.592200591376;151.550069538327;-0.599137595367268;0.285266206262805;9.85059389745139E-05;0.028236656061358
CONS00000089369;chr5;107776877;107777849;Evi5;gene_body;intron (NM_007964, intron 16 of 17);Gfi1;45;26;25;63;93;80;45.403538727928;27.4454258243311;32.0780830559419;73.7879739212373;71.8443711271034;84.6013336917428;54.8049689671264;-0.597247190146835;0.340677099653195;0.000133771663871;0.031405938358904
CONS00000077375;chr3;136556451;136557029;Ppp3ca;intergenic;Intergenic;1700030L20Rik;50;27;31;82;124;59;50.4483763643645;28.5010191252669;39.7768229893679;96.0414898657374;95.7924948361378;62.3934835976603;67.0586934921412;-0.595091947354313;0.334392792243409;0.000135614638078;0.031628329430119
CONS00000064457;chr2;33908246;33908901;Mvb12b;intergenic;Intergenic;Mvb12b;62;65;47;98;171;100;62.5559866918119;68.6135645608278;60.3067961451708;114.781292766369;132.100940459513;105.751667114678;97.3462093523082;-0.591326655697287;0.265772886617284;8.57969842644215E-05;0.026750182867368
CONS00000010544;chr10;39371420;39372004;Fyn;gene_body;intron (NM_001122893, intron 1 of 13);Fyn;64;77;68;104;235;116;64.5739217463865;81.2806841720575;87.2523859121619;121.808718854106;181.542228116874;122.671933853027;114.975771880222;-0.588979907071417;0.267396741731436;8.98821909626346E-05;0.026877140418643
CONS00000103258;chr7;90355342;90356053;Sytl2;gene_body;intron (NM_001368878, intron 2 of 19);Sytl2;105;72;73;146;209;138;105.941590365165;76.0027176673785;93.6680025233503;171.000701468264;161.456705006071;145.937300618256;147.186422512055;-0.585348122468247;0.227610494788124;4.71247952780219E-05;0.019401414809571
CONS00000009580;chr10;18007123;18007983;Abracl;intergenic;Intergenic;Abracl;39;35;37;85;81;86;39.3497335642043;36.9457655327534;47.475562922794;99.5552029096059;62.5741296913481;90.9464337186235;67.1439848356457;-0.584977368936759;0.317367731418865;0.000142926850627;0.032743504106323
CONS00000118386;chr9;123058598;123059165;Tgm4;gene_body;intron (NM_177911, intron 10 of 13);Tgm4;83;57;68;101;199;133;83.744304764845;60.1688181533413;87.2523859121619;118.295005810238;153.731503809608;140.649717262522;112.747361014727;-0.584913719897288;0.252797640658979;7.61994774608785E-05;0.025653746792861
CONS00000075285;chr3;97003975;97004978;Gja5;gene_body;Intergenic;Gja5;132;94;67;173;249;171;133.183713601922;99.2257702879663;85.9692625899243;202.62411886308;192.357509791922;180.8353507661;112.390227230198;-0.584397084383358;0.253669203130877;7.76891453385546E-05;0.025653746792861
CONS00000100350;chr7;25274491;25274996;Cic;gene_body;intron (NM_001302811, intron 2 of 20);Cic;49;68;50;85;158;111;49.4394088370772;71.7803444636352;64.1561661118838;99.5552029096059;122.058178904111;117.384350497293;100.909506277114;-0.58118407878293;0.26852590801569;9.91684892841303E-05;0.028236656061358
CONS00000052054;chr17;44569128;44570044;Runx2;gene_body;intron (NR_073425, intron 5 of 5);Runx2;311;252;234;403;723;362;313.788900986347;266.009511835825;300.250857403616;472.008785559661;558.532046504255;382.821034955136;345.156344152217;-0.578527105821973;0.164774596661404;5.51467140485596E-06;0.00474721296768
CONS00000102894;chr7;81928880;81929488;Hdgfl3;gene_body;intron (NM_013886, intron 1 of 5);Hdgfl3;34;33;26;67;99;62;34.3048959277678;34.8345789308818;33.3612063781796;78.4729246463952;76.479491844981;65.5660336111007;49.0978556377172;-0.574656266864326;0.341073690934727;0.000168287280793;0.036633110567985
CONS00000115910;chr9;79919048;79919751;Filip1;gene_body;intron (NM_001357352, intron 1 of 5);Filip1;134;150;92;167;328;238;135.201648656497;158.338995140372;118.047345645866;195.596692775343;253.386599243977;251.688967732935;223.509790248704;-0.574234729472282;0.219951581385302;4.46774058661111E-05;0.01880256899469
CONS00000117772;chr9;114775288;114776064;Cmtm7;gene_body;intron (NM_133978, intron 1 of 4);Cmtm7;59;70;52;102;130;127;59.5290841099501;73.8915310655068;66.7224127563591;119.466243491527;100.427615554015;134.304617235642;128.3415355666;-0.572706898025983;0.246105032500659;7.7928445743675E-05;0.025653746792861
CONS00000028860;chr12;114299536;114300259;Ighv9-4;TSS_proximal;Intergenic;Mir7094-1;87;70;23;104;192;108;87.7801748739942;73.8915310655068;29.5118364114665;121.808718854106;148.323862972084;114.211800483853;88.7234975574276;-0.571946995948253;0.311594623752499;0.000159235365609;0.03533967694169
CONS00000061831;chr19;53399133;53399723;Smndc1;distal;Intergenic;Smndc1;47;18;23;56;83;68;47.4214737825026;19.0006794168446;29.5118364114665;65.5893101522109;64.1191699306406;71.9111336379814;67.4244490758262;-0.57036556456682;0.33097792264585;0.000173466439829;0.037616396102703
CONS00000033663;chr13;95987071;95987661;Sv2c;gene_body;intron (NM_029210, intron 6 of 12);Iqgap2;62;70;35;81;140;128;62.5559866918119;73.8915310655068;44.9093162783186;94.8702521844479;108.152816750478;135.362133906788;114.324274341597;-0.565790701909175;0.279352808955901;0.000132413683112;0.031216113717941
CONS00000005455;chr1;138954922;138955525;Dennd1b;distal;Intergenic;Dennd1b;31;56;19;78;101;79;31.277993345906;59.1132248524055;24.3793431225158;91.3565391405795;78.0245320842735;83.543817020596;74.9542841370211;-0.565233960504222;0.347881370954448;0.000184827968178;0.039626418913352
CONS00000077419;chr3;136940914;136941509;Ppp3ca;intergenic;Intergenic;Ppp3ca;139;121;54;188;269;158;140.246486292933;127.726789413233;69.2886594008345;220.192684082422;207.807912184847;167.087634041192;186.397108669695;-0.563069342799872;0.246158830151693;8.66491228163262E-05;0.026750182867368
CONS00000083148;chr4;128784927;128786311;Zfp362;gene_body;intron (NM_001081098, intron 6 of 8);Zfp362;104;107;56;168;258;124;104.932622837878;112.948483200132;71.8549060453098;196.767930456633;199.310190868738;131.132067222201;141.077551424059;-0.559553269503097;0.269662472643589;0.000126814230372;0.030790386746078
CONS00000120015;chrX;101764439;101765291;Gm4779;intergenic;Intergenic;8030474K03Rik;60;59;43;72;173;109;60.5380516372374;62.2800047552129;55.1743028562201;84.3291130528426;133.645980698805;115.269317155;84.8477154844343;-0.556977283357118;0.290469701118514;0.0001614322166;0.035490942022923
CONS00000089801;chr5;113825460;113826011;Selplg;gene_body;intron (NM_009151, intron 1 of 1);Selplg;90;83;64;118;217;134;90.807077455856;87.6142439776724;82.1198926232112;138.206046392159;167.636865963241;141.707233933669;139.163934702286;-0.551657337707817;0.241028126348725;8.96365176315452E-05;0.026877140418643
CONS00000046140;chr16;23838111;23838614;Sst;intergenic;Intergenic;Sst;41;26;18;55;116;62;41.3676686187789;27.4454258243311;23.0962198002782;64.4180724709214;89.6123338789676;65.5660336111007;45.7945032853863;-0.54694312554645;0.37641312694943;0.000201140299394;0.041405022137964
CONS00000062633;chr2;5840742;5841297;Cdc123;gene_body;intron (NM_001356501, intron 2 of 11);Nudt5;24;33;27;60;95;60;24.2152206548949;34.8345789308818;34.6443297004172;70.2742608773688;73.3894113663959;63.4510002688071;51.1884409771054;-0.542020025342639;0.357892442442112;0.000227819888298;0.044383827058219
CONS00000010093;chr10;25200658;25201216;Akap7;TSS_proximal;promoter-TSS (NM_001347460);Akap7;32;19;22;50;71;64;32.2869608731933;20.0562727177804;28.2287130892289;58.561884064474;54.8489284948854;67.6810669533942;39.2105166118067;-0.540897840137596;0.360560481754329;0.000228451684521;0.044383827058219
CONS00000047606;chr16;49839632;49840412;Cd47;gene_body;Intergenic;Cd47;159;156;104;205;406;191;160.425836838679;164.672554945987;133.444825512718;240.103724664344;313.643168576387;201.985684189036;215.907282214879;-0.540341896379123;0.216382131988379;5.99119138858893E-05;0.022274145530918
CONS00000059992;chr19;21913562;21914306;Cemip2;intergenic;Intergenic;Cemip2;96;88;60;157;155;154;96.8608826195798;92.8922104823515;76.9873993342605;183.884315962448;119.740618545172;162.857567356605;144.987705272383;-0.537261734003462;0.251359760099121;0.000124954319273;0.030589349119524
CONS00000028848;chr12;113994148;113994722;Ighv14-2;TSS_proximal;Intergenic;Adam6a;31;36;12;88;83;49;31.277993345906;38.0013588336892;15.3974798668521;103.068915953474;64.1191699306406;51.8183168861925;45.166609058915;-0.537235379517967;0.393050864827531;0.000193482634831;0.040563527298506
CONS00000003701;chr1;92806258;92807226;Gpc1;intergenic;Intergenic;Gpc1;136;108;80;160;270;175;137.219583711071;114.004076501068;102.649865779014;187.398029006317;208.580432304494;185.065417450687;184.517061316849;-0.536772936357939;0.212236469425899;5.60926134320584E-05;0.021679604300288
CONS00000120013;chrX;101737051;101737768;Cxcr3;distal;Intergenic;Cxcr3;166;133;113;201;396;187;167.48860952969;140.393909024463;144.992935412857;235.418773939186;305.917967379924;197.755617504449;185.018173866482;-0.536383178686609;0.21203599414851;5.60445372184999E-05;0.021679604300288
CONS00000096919;chr6;108688238;108688861;Bhlhe40;intergenic;Intergenic;0610040F04Rik;122;117;81;169;275;176;123.094038329049;123.50441620949;103.932989101252;197.939168137922;212.443032902725;186.122934121834;156.983583026819;-0.535276217483998;0.240469938879078;0.000106173485437;0.028749988782304
CONS00000106234;chr7;140192588;140193489;Olfr524;intergenic;Intergenic;Olfr524;129;95;53;111;293;179;130.15681102006;100.281363588902;68.0055360785968;130.007382623132;226.348395056358;189.295484135274;137.701260128215;-0.533749094481374;0.283271904185766;0.000193342295022;0.040563527298506
CONS00000113085;chr9;32628652;32629347;Ets1;distal;Intergenic;Ets1;77;58;48;81;166;147;77.6904996011213;61.2244114542771;61.5899194674084;94.8702521844479;128.238339861281;155.454950658577;86.733318630906;-0.533163945432806;0.299505499492143;0.000221768340844;0.044080658983558
CONS00000048287;chr16;70326501;70327114;Gbe1;gene_body;intron (NM_028803, intron 1 of 15);Gbe1;67;76;35;106;147;107;67.6008243282484;80.2250908711217;44.9093162783186;124.151194216685;113.560457588002;113.154283812706;88.5706148631871;-0.533101523826373;0.276972350903797;0.000182740253247;0.039348049945478
CONS00000013224;chr10;85161634;85162383;Cry1;gene_body;intron (NM_007771, intron 1 of 12);Cry1;72;44;33;108;134;80;72.6456619646848;46.4461052411757;42.3430696338433;126.493669579264;103.517696032601;84.6013336917428;84.3679945721333;-0.530974121346147;0.310144357345779;0.000241264675257;0.04538891564472
CONS00000012592;chr10;78092632;78093159;Icosl;intergenic;Intergenic;Icosl;37;37;42;73;156;60;37.3317985096297;39.056952134625;53.8911795339824;85.5003507341321;120.513138664819;63.4510002688071;67.8289997801358;-0.530282548924189;0.341190039910743;0.000261434262185;0.04791415356787
CONS00000111021;chr8;115726231;115727341;Maf;intergenic;Intergenic;Maf;108;87;84;152;239;147;108.968492947027;91.8366171814156;107.782359067965;178.028127556001;184.632308595459;155.454950658577;164.738964156826;-0.529572639139407;0.236280833406515;0.000104539147019;0.028663912414595
CONS00000052860;chr17;56034229;56035039;Sh3gl1;gene_body;intron (NM_013664, intron 1 of 9);Sh3gl1;84;88;52;107;198;133;84.7532722921323;92.8922104823515;66.7224127563591;125.322431897974;152.958983689962;140.649717262522;127.197553296138;-0.523027543394152;0.250711016350581;0.000144422754839;0.032821515264673
CONS00000119862;chrX;96020285;96020938;Las1l;intergenic;Intergenic;Las1l;47;52;34;84;107;87;47.4214737825026;54.8908516486622;43.626192956081;98.3839652283164;82.6596528021512;92.0039503897703;70.0637172646042;-0.522012518220696;0.295707542705883;0.000242631291587;0.045495369080935
CONS00000022320;chr11;104613393;104614273;Itgb3;gene_body;intron (NM_016780, intron 1 of 14);Itgb3;79;51;44;85;150;119;79.7084346556959;53.8352583477264;56.4574261784577;99.5552029096059;115.878017946941;125.844483866467;105.659506366544;-0.511436545778412;0.280777184456773;0.000239180410571;0.04529678342192
CONS00000111745;chr8;124242057;124242709;Galnt2;gene_body;intron (NM_139272, intron 1 of 15);Galnt2;148;140;105;211;309;182;149.327194038519;147.783062131014;134.727948834956;247.13115075208;238.708716970698;192.468034148715;215.97673655479;-0.507586629854155;0.192103751715395;4.31576535019128E-05;0.01829852301277
CONS00000104814;chr7;118294471;118295742;Smg1;intergenic;Intergenic;4930583K01Rik;70;79;59;131;188;97;70.6277269101103;83.3918707739292;75.7042760120229;153.432136248922;145.233782493499;102.579117101238;116.603923379209;-0.504699450782451;0.270159457375127;0.000229672536392;0.044383827058219
CONS00000030366;chr13;30812972;30813948;Exoc2;gene_body_overlap_end;TTS (NM_025588);Irf4;60;76;59;73;178;154;60.5380516372374;80.2250908711217;75.7042760120229;85.5003507341321;137.508581297037;162.857567356605;105.285502449576;-0.503748783140048;0.283825227507731;0.000267089824631;0.048636885853908
CONS00000097836;chr6;124375377;124376019;Pex5;intergenic;Intergenic;1700027F06Rik;112;90;62;131;237;133;113.004363056176;95.0033970842231;79.5536459787359;153.432136248922;183.087268356167;140.649717262522;155.470152912145;-0.503482835662667;0.238005600146661;0.000144265354746;0.032821515264673
CONS00000064272;chr2;32062994;32063612;Fam78a;gene_body;intron (NR_151493, intron 3 of 5);Fam78a;140;144;67;149;317;198;141.255453820221;152.005435334757;85.9692625899243;174.514414512133;244.888877927868;209.388300887063;178.256586813936;-0.501078073747102;0.23754870864653;0.000146954895008;0.033131914126616
CONS00000107424;chr8;25617713;25618383;Nsd3;gene_body;intron (NM_001001735, intron 1 of 9);Nsd3;159;117;134;206;352;204;160.425836838679;123.50441620949;171.938525179849;241.274962345633;271.927082115488;215.733400913944;161.257413534434;-0.496164207549068;0.218834376913373;0.000104938727136;0.028663912414595
CONS00000106427;chr7;142381069;142381690;Ctsd;gene_body;intron (NM_009983, intron 4 of 8);Ctsd;128;123;78;172;279;150;129.147843492773;129.837976015105;100.083619134539;201.452881181791;215.53311338131;158.627500672018;181.750051053603;-0.493212079242747;0.217142498519268;0.000104283729594;0.028663912414595
CONS00000059832;chr19;18602822;18603592;Ostf1;gene_body;intron (NM_017375, intron 2 of 9);Ostf1;140;112;95;159;276;220;141.255453820221;118.226449704811;121.896715612579;186.226791325027;213.215553022371;232.653667652293;171.725643425731;-0.480311263385054;0.247165107254172;0.000219175048072;0.044001520693395
CONS00000003094;chr1;82836163;82837206;Agfg1;distal;Intergenic;Agfg1;156;154;109;242;319;201;157.398934256817;162.561368344115;139.860442123907;283.439518872054;246.433918167161;212.560850900504;213.693502610762;-0.480195139075296;0.22792337851075;0.000154292574239;0.03448860533738
CONS00000054320;chr17;84306048;84306629;Thada;gene_body;intron (NM_183021, intron 29 of 37);Zfp36l2;103;86;58;149;196;120;103.923655310591;90.7810238804798;74.4211526897852;174.514414512133;151.413943450669;126.902000537614;118.358227807537;-0.471401153160367;0.255679219546635;0.000275407988126;0.049516787485311
CONS00000028897;chr12;114990844;114991655;Ighv1-47;TSS_proximal;Intergenic;Mir7094-2;130;100;73;161;260;142;131.165778547348;105.559330093581;93.6680025233503;188.569266687606;200.855231108031;150.167367302843;143.809630028323;-0.467855754552783;0.241068749143198;0.000228336211495;0.044383827058219
CONS00000079561;chr4;40780589;40782373;Smu1;intergenic;Intergenic;Smu1;308;296;235;317;720;421;310.761998404485;312.455617077;301.533980725854;371.282344968765;556.214486145316;445.214518552796;415.197244601788;-0.466174890470962;0.16858974261659;2.86701646578403E-05;0.013903009013018
CONS00000038574;chr14;77864814;77865460;Dnajc15;gene_body;intron (NM_025384, intron 1 of 5);Dnajc15;158;122;82;174;327;174;159.416869311392;128.782382714169;105.216112423489;203.79535654437;252.614079124331;184.007900779541;172.329240538631;-0.465195282507955;0.240603558656615;0.000233594302796;0.044836690247875
CONS00000021162;chr11;93955489;93956278;Nme2;TSS_proximal;promoter-TSS (NM_001077529);Nme2;291;273;181;382;566;344;293.609550440601;288.176971155477;232.245321325019;447.412794252582;437.24638771979;363.785734874494;350.859135253685;-0.460603328783473;0.197142791645;8.95056519048527E-05;0.026877140418643
CONS00000051682;chr17;35210030;35210679;Lta;distal;Intergenic;Lta;124;137;109;176;295;198;125.111973383624;144.616282228206;139.860442123907;206.137831906949;227.89343529565;209.388300887063;159.492056098308;-0.451816404861119;0.223855844476818;0.000198177802517;0.041092962956122
CONS00000052977;chr17;57078220;57078842;Dennd1c;TSS;promoter-TSS (NM_153551);Dennd1c;175;174;106;228;330;233;176.569317275276;183.673234362831;136.011072157194;267.042191334002;254.93163948327;246.401384377201;221.582494929093;-0.450192796046912;0.2081026707746;0.000139073117897;0.032119671517649
CONS00000008736;chr1;193201216;193201863;Traf3ip3;TSS;promoter-TSS (NM_153137);Traf3ip3;285;314;175;346;590;374;287.555745276877;331.456296493845;224.546581391593;405.24823772616;455.786870591301;395.511235008898;396.435472219083;-0.44673326581056;0.178039763498947;5.51961751906185E-05;0.02165306092713
CONS00000110825;chr8;111933505;111934130;Tmem231;TSS;promoter-TSS (NM_001357348);Tmem231;204;201;126;302;389;238;205.829375566607;212.174253488098;161.673538601947;353.713779749423;300.5103265424;251.688967732935;251.548919543615;-0.44395187659516;0.218193825118077;0.000192569660275;0.040563527298506
CONS00000023363;chr11;116671201;116671928;St6galnac2;distal;promoter-TSS (NR_027821);Snhg16;224;174;187;287;451;270;226.008726112353;183.673234362831;239.944061258445;336.145214530081;348.406573960469;285.529501209632;258.442254450758;-0.434060809167959;0.191705590826733;0.00010626590943;0.028749988782304
CONS00000070682;chr2;160756595;160757336;Plcg1;gene_body;exon (NM_021280, exon 23 of 34);Plcg1;172;153;118;188;371;209;173.542414693414;161.505775043179;151.408552024046;220.192684082422;286.604964388767;221.020984269678;194.339213068718;-0.402580249627118;0.206264208205323;0.000248793091206;0.046205286419156
CONS00000019781;chr11;76587509;76589102;Abr;gene_body;Intergenic;Abr;228;199;142;239;432;286;230.044596221502;210.063066886227;182.20351175775;279.925805828186;333.72869168719;302.44976794798;263.367125121267;-0.401745662412139;0.190607685726134;0.000161320377127;0.035490942022923
CONS00000098099;chr6;127373921;127374422;Parp11;intergenic;Intergenic;Gm38404;48;26;29;12;13;12;48.4304413097899;27.4454258243311;37.2105763448926;14.0548521754738;10.0427615554015;12.6902000537614;27.1831578476209;0.441760477538045;0.418421195971912;0.000238980793177;0.04529678342192
CONS00000000534;chr1;23382650;23383753;Ogfrl1;TSS;promoter-TSS (NM_001081079);Ogfrl1;383;332;214;184;323;183;386.434562951032;350.45697591069;274.588390958863;215.507733357264;249.523998645746;193.525550819862;283.866515629831;0.451434702087894;0.204098460262574;0.000122907218992;0.030229323147353
CONS00000096107;chr6;89643713;89644824;Txnrd3;TSS_proximal;exon (NM_153162, exon 1 of 16);Txnrd3;476;427;309;224;394;306;480.26854298875;450.738339499592;396.485106571442;262.357240608844;304.372927140631;323.600101370916;356.397317234183;0.451783423570603;0.177778934241992;5.11003362977479E-05;0.020737611476833
CONS00000069182;chr2;132113871;132114896;Slc23a2;gene_body;intron (NM_001355430, intron 1 of 15);Slc23a2;214;185;117;102;137;122;215.91905083948;195.284760673125;150.125428701808;119.466243491527;105.835256391539;129.017033879908;142.278152578648;0.455334455077267;0.231918747758324;0.000223797086194;0.04430324547774
CONS00000092339;chr5;148679110;148680104;Ubl3;intergenic;Intergenic;2210417A02Rik;175;170;164;113;135;103;176.569317275276;179.450861159088;210.432224846979;132.349857985711;104.290216152247;108.924217128119;133.907616895266;0.468003724249031;0.246349831610134;0.000248857126538;0.046205286419156
CONS00000073671;chr3;60527660;60529012;Mbnl1;TSS_proximal;intron (NM_001253709, intron 1 of 8);Mbnl1;331;219;245;143;227;207;333.968251532093;231.174932904943;314.365213948231;167.486988424396;175.362067159704;218.905950927384;223.232227067923;0.473323129345004;0.209833891775199;0.000109689470846;0.02885188558379
CONS00000014788;chr10;117417268;117418752;Cpsf6;intergenic;Intergenic;Gm32141;255;240;153;117;183;167;257.286719458259;253.342392224595;196.317868302364;137.034808710869;141.371181895268;176.605284081513;193.875817226877;0.474128678771862;0.206540477661234;9.94974178456415E-05;0.028236656061358
CONS00000048950;chr16;91447767;91448564;Ifnar1;intergenic;Intergenic;A930006K02Rik;197;143;133;87;137;107;198.766602875596;150.949842033821;170.655401857611;101.897678272185;105.835256391539;113.154283812706;133.892211935186;0.482325715589142;0.232557242178661;0.000165284275269;0.03611779269009
CONS00000004342;chr1;120264980;120265652;Steap3;TSS;promoter-TSS (NM_133186);Steap3;247;239;178;140;219;131;249.21497923996;252.286798923659;228.395951358306;163.973275380527;169.181906202534;138.534683920229;227.580245689809;0.48269681228764;0.193921398337966;6.16845949080272E-05;0.022322358342036
CONS00000096762;chr6;103511727;103512729;Chl1;gene_body;intron (NM_007697, intron 1 of 26);Chl1;128;95;109;61;78;79;129.147843492773;100.281363588902;139.860442123907;71.4454985586583;60.2565693324093;83.543817020596;102.514948092213;0.485979849571591;0.267945165136107;0.000274329127945;0.049516787485311
CONS00000047695;chr16;50839614;50840163;Ccdc54;intergenic;Intergenic;1700116B05Rik;75;66;61;37;12;34;75.6725645465467;69.6691578617636;78.2705226564982;43.3357942077108;9.27024143575527;35.9555668189907;44.7554949551934;0.495892111952413;0.396754945379108;0.000258285906551;0.047635940524534
CONS00000025272;chr12;41167689;41168304;Immp2l;gene_body;intron (NM_053122, intron 4 of 6);Immp2l;136;139;100;70;111;63;137.219583711071;146.727468830078;128.312332223768;81.9866376902636;85.7497332807363;66.6235502822475;76.9454208683659;0.499432185709602;0.274279215131852;0.000254539738533;0.047106434022083
CONS00000004091;chr1;106400443;106401326;Phlpp1;intergenic;Intergenic;Mir3473f;96;101;90;49;86;53;96.8608826195798;106.614923394517;115.481099001391;57.3906463831846;66.4367302895795;56.0483835707796;77.9052094962358;0.50205099398166;0.274563320785523;0.000248215832945;0.046205286419156
CONS00000039673;chr14;121137038;121138074;Farp1;gene_body;intron (NM_134082, intron 2 of 26);Farp1;206;181;147;97;162;112;207.847310621182;191.062387469382;188.619128368938;113.61005508508;125.148259382696;118.44186716844;126.358227145894;0.502690625194922;0.232128590270123;0.00013002897318;0.03104580439508
CONS00000064234;chr2;31759593;31760394;Abl1;TSS;promoter-TSS (NM_001283045);Abl1;120;102;93;51;102;54;121.076103274475;107.670516695453;119.330468968104;59.7331217457635;78.7970522039198;57.1059002419264;94.4141313330064;0.504551615187075;0.274384937734836;0.000241165144095;0.04538891564472
CONS00000016216;chr11;11505973;11506679;Spata48;gene_body;intron (NM_028669, intron 4 of 5);Spata48;167;151;133;89;104;98;168.497577056977;159.394588441308;170.655401857611;104.240153634764;80.3420924432124;103.636633772385;109.650231595983;0.504689618771513;0.267246370078605;0.000221896831282;0.044080658983558
CONS00000107699;chr8;34225124;34225708;Saraf;intergenic;Intergenic;Mir6395;88;68;41;35;17;35;88.7891424012815;71.7803444636352;52.6080562117447;40.9933188451318;13.1328420339866;37.0130834901375;65.2960039745841;0.514692524244522;0.381134805300355;0.000259077807306;0.047635940524534
CONS00000110100;chr8;95369418;95370372;Mmp15;gene_body;intron (NM_008609, intron 6 of 9);Mmp15;121;92;111;67;83;47;122.085070801762;97.1145836860947;142.426688768382;78.4729246463952;64.1191699306406;49.7032835438989;82.8122401656016;0.51522318604731;0.302716613741563;0.000272654018207;0.049491495349542
CONS00000010863;chr10;42680440;42681175;Ostm1;gene_body;intron (NM_172416, intron 1 of 5);Ostm1;95;108;100;56;72;63;95.8519150922925;114.004076501068;128.312332223768;65.5893101522109;55.6214486145316;66.6235502822475;97.2280635816314;0.517155210013715;0.282576043017053;0.000228978793969;0.044383827058219
CONS00000028215;chr12;106199215;106199751;Vrk1;intergenic;Intergenic;Vrk1;52;61;48;13;24;25;52.466311418939;64.3911913570845;61.5899194674084;15.2260898567632;18.5404828715105;26.4379167786696;35.7833074253487;0.51835501813466;0.42168085032072;0.000154793529192;0.03448860533738
CONS00000040560;chr15;25586237;25587250;Myo10;intergenic;Intergenic;Myo10;73;76;63;40;42;39;73.6546294919721;80.2250908711217;80.8367693009736;46.8495072515792;32.4458450251435;41.2431501747246;76.5734250270597;0.520542356111775;0.320045933179301;0.000279234306258;0.049732592821444
CONS00000060838;chr19;36900980;36901816;Fgfbp3;intergenic;Intergenic;Fgfbp3;73;75;68;39;50;36;73.6546294919721;79.1694975701859;87.2523859121619;45.6782695702897;38.6260059823136;38.0706001612843;54.196269013125;0.520657247679575;0.319717185143131;0.000278620911973;0.049732592821444
CONS00000115366;chr9;70209231;70210114;Myo1e;gene_body;intron (NM_181072, intron 1 of 27);Myo1e;78;111;98;54;37;54;78.6994671284086;117.170856403875;125.746085579292;63.246834789632;28.5832444269121;57.1059002419264;67.3966466021124;0.522256825721421;0.355174481857269;0.000276783882247;0.049607180661963
CONS00000026058;chr12;71294436;71295042;Dact1;intergenic;Intergenic;Dact1;77;44;50;21;34;34;77.6904996011213;46.4461052411757;64.1561661118838;24.5959913070791;26.2656840679733;35.9555668189907;53.7715647039476;0.523393235801972;0.353563065403693;0.000274963349553;0.049516787485311
CONS00000066391;chr2;75147729;75148375;Mtx2;intergenic;Intergenic;9430019J16Rik;152;108;89;53;85;65;153.363064147668;114.004076501068;114.197975679153;62.0755971083425;65.6642101699332;68.738583624541;64.8452728068736;0.524600352599539;0.31454936542196;0.00026269182646;0.047989826753478
CONS00000017480;chr11;44540269;44541089;Rnf145;gene_body;intron (NM_001166553, intron 3 of 5);Rnf145;130;143;74;55;75;79;131.165778547348;150.949842033821;94.951125845588;64.4180724709214;57.9390089734705;83.543817020596;95.202103889719;0.524863502705403;0.291786366406997;0.000228623481505;0.044383827058219
CONS00000092488;chr5;150372866;150373367;Fry;gene_body;intron (NM_172887, intron 14 of 60);Fry;56;49;35;19;23;17;56.5021815280882;51.7240717458548;44.9093162783186;22.2535159445001;17.7679627518643;17.9777834094953;27.9620194745198;0.526643364565995;0.40269252285139;0.000190709050876;0.0404296071848
CONS00000011660;chr10;61261139;61261849;Adamts14;gene_body;intron (NM_001081127, intron 2 of 21);Adamts14;70;95;98;38;61;63;70.6277269101103;100.281363588902;125.746085579292;44.5070318890003;47.1237272984226;66.6235502822475;104.35985632958;0.529227822836855;0.295620158677431;0.000224867682798;0.044360615965864
CONS00000014381;chr10;108406917;108407757;Pawr;gene_body;intron (NM_054056, intron 4 of 6);Gm36283;107;69;52;42;35;24;107.95952541974;72.835937764571;66.7224127563591;49.1919826141582;27.0382041876195;25.3804001075228;41.4264939912881;0.52995980112777;0.386524590721551;0.000217866803712;0.044001520693395
CONS00000032543;chr13;69643356;69644119;Srd5a1;intergenic;Intergenic;Nsun2;40;59;53;13;36;27;40.3587010914916;62.2800047552129;68.0055360785968;15.2260898567632;27.8107243072658;28.5529501209632;40.5190787771808;0.530046269820499;0.37342048167987;0.000238509614761;0.04529678342192
CONS00000101027;chr7;37490205;37490861;Zfp536;gene_body;intron (NM_172385, intron 5 of 5);Zfp536;103;75;40;39;36;20;103.923655310591;79.1694975701859;51.324932889507;45.6782695702897;27.8107243072658;21.1503334229357;40.0977057124963;0.532293131544893;0.39014192016337;0.000207098341819;0.042477589496243
CONS00000073417;chr3;53451662;53452857;Nhlrc3;gene_body;3' UTR (NM_172501, exon 7 of 7);Nhlrc3;159;148;100;77;112;88;160.425836838679;156.2278085385;128.312332223768;90.18530145929;86.5222534003826;93.0614670609171;120.259034530324;0.533142373784782;0.223444825024991;7.68426348159356E-05;0.025653746792861
CONS00000035156;chr13;119631576;119632214;Ccl28;gene_body;intron (NM_020279, intron 1 of 2);Ccl28;93;84;59;20;28;59;93.8339800377179;88.6698372786082;75.7042760120229;23.4247536257896;21.6305633500956;62.3934835976603;65.4306778531932;0.533340127985227;0.382157182561392;0.000218848011691;0.044001520693395
CONS00000028446;chr12;109437687;109438368;Dlk1;intergenic;Intergenic;Dlk1;283;226;174;137;198;123;285.537810222303;238.564086011494;223.263458069356;160.459562336659;152.958983689962;130.074550551055;151.273047849704;0.536076459834333;0.235115224632414;9.51289371256222E-05;0.027719620285129
CONS00000002684;chr1;73910548;73911273;Tns1;gene_body;3' UTR (NM_001289895, exon 33 of 33);6030407O03Rik;108;78;97;47;58;66;108.968492947027;82.3362774729933;124.462962257055;55.0481710206056;44.8061669394838;69.7961002956878;89.6507407590905;0.538486065905918;0.293633372590161;0.000201086425292;0.041405022137964
CONS00000064207;chr2;31463449;31464283;Ass1;distal;Intergenic;Ass1;65;72;81;38;48;38;65.5828892736738;76.0027176673785;103.932989101252;44.5070318890003;37.0809657430211;40.1856335035778;57.1348908255295;0.538875619410726;0.325234647159794;0.000235472960369;0.045045105196519
CONS00000039798;chr14;121999362;122000027;Ubac2;gene_body;intron (NM_026861, intron 7 of 8);Gpr183;171;159;172;107;145;93;172.533447166127;167.839334848794;220.69721142488;125.322431897974;112.01541734871;98.349050416651;141.754353835491;0.539731216516949;0.224621714078591;7.3316357369826E-05;0.025151577658123
CONS00000000897;chr1;36646254;36646817;Fam178b;gene_body;intron (NM_001126046, intron 3 of 14);Fam178b;121;122;92;41;65;81;122.085070801762;128.782382714169;118.047345645866;48.0207449328687;50.2138077770077;85.6588503628896;67.9210566869286;0.539763946772917;0.324728456179188;0.000233062251897;0.044836690247875
CONS00000052300;chr17;46916292;46917147;Prph2;gene_body;intron (NM_008938, intron 1 of 2);Prph2;138;134;70;74;51;60;139.237518765646;141.449502325399;89.8186325566373;86.6715884154216;39.3985261019599;63.4510002688071;87.607392013634;0.545064717893222;0.31926974823024;0.000217115546586;0.044001520693395
CONS00000107502;chr8;26683036;26683887;Zfp703;intergenic;Intergenic;2310008N11Rik;92;67;67;25;51;52;92.8250125104306;70.7247511626994;85.9692625899243;29.280942032237;39.3985261019599;54.9908668996328;57.6130282161362;0.546258116222114;0.323201241082016;0.000217288233495;0.044001520693395
CONS00000037404;chr14;60806747;60807654;Mipep;gene_body;intron (NM_027436, intron 7 of 18);Mipep;114;80;66;41;35;59;115.022298110751;84.447464074865;84.6861392676866;48.0207449328687;27.0382041876195;62.3934835976603;69.968697680128;0.547431550342438;0.338881268513982;0.000220679430052;0.044080658983558
CONS00000014717;chr10;116746427;116747089;Myrfl;intergenic;Intergenic;4930579P08Rik;126;140;85;73;88;59;127.129908438198;147.783062131014;109.065482390202;85.5003507341321;67.981770528872;62.3934835976603;85.1709439096157;0.547537382402355;0.267885154768704;0.000141084677572;0.032452331806752
CONS00000057265;chr18;65207222;65207987;Nedd4l;gene_body;intron (NM_031881, intron 25 of 29);Mir122;140;98;90;38;105;59;141.255453820221;103.44814349171;115.481099001391;44.5070318890003;81.1146125628586;62.3934835976603;114.531316935764;0.547743746495764;0.296457853433779;0.000186454622391;0.039787784336692
CONS00000089735;chr5;113114216;113114826;2900026A02Rik;gene_body;intron (NM_172884, intron 1 of 7);2900026A02Rik;104;112;85;55;48;68;104.932622837878;118.226449704811;109.065482390202;64.4180724709214;37.0809657430211;71.9111336379814;75.1073633538176;0.549607910118481;0.307653790849793;0.000196527044697;0.04089994155482
CONS00000050994;chr17;29186623;29187362;Cpne5;gene_body;intron (NM_001360239, intron 10 of 21);Cpne5;75;96;79;39;41;50;75.6725645465467;101.336956889838;101.366742456776;45.6782695702897;31.6733249054972;52.8758335573392;67.8556353606112;0.551265156338878;0.346497658726264;0.000212336773578;0.043395373348408
CONS00000111175;chr8;117594002;117595091;Plcg2;gene_body;intron (NM_172285, intron 19 of 32);Sdr42e1;123;105;110;82;46;54;124.103005856337;110.83729659826;141.143565446144;96.0414898657374;35.5359255037285;57.1059002419264;79.5963912019876;0.557097989650918;0.32299038630983;0.000194472127066;0.040621080511933
CONS00000014304;chr10;106614155;106614726;Ppfia2;gene_body;intron (NM_177373, intron 3 of 31);4930532I03Rik;66;60;40;19;14;28;66.5918568009611;63.3355980561487;51.324932889507;22.2535159445001;10.8152816750478;29.61046679211;28.5828534430527;0.558111756811768;0.422513979352631;0.000115548593462;0.029440993645992
CONS00000046692;chr16;32741161;32742184;Muc4;gene_body;intron (NM_080457, intron 1 of 26);Muc4;81;113;104;57;43;58;81.7263697102704;119.282043005747;133.444825512718;66.7605478335004;33.2183651447897;61.3359669265135;84.1375751993033;0.563548192413086;0.334393150875739;0.000186981227104;0.039787784336692
CONS00000062711;chr2;6522271;6522960;AL845275.1;intergenic;Intergenic;Usp6nl;85;59;36;30;32;29;85.7622398194196;62.2800047552129;46.1924396005563;35.1371304386844;24.7206438286807;30.6679834632568;58.2271893340435;0.566303229229114;0.348230782517626;0.00018283701814;0.039348049945478
CONS00000073661;chr3;60496120;60496804;Mbnl1;gene_body;intron (NM_001253713, intron 2 of 9);Mbnl1;129;96;128;46;102;76;130.15681102006;101.336956889838;164.239785246422;53.8769333393161;78.7970522039198;80.3712670071557;105.18933617829;0.567531500073025;0.27404383527702;0.000122643942463;0.030229323147353
CONS00000012789;chr10;80371433;80372117;Plk5;intergenic;Intergenic;Bc1;144;116;123;73;79;89;145.29132392937;122.448822908554;157.824168635234;85.5003507341321;61.0290894520556;94.1189837320639;102.941958742553;0.568289563548045;0.255476259958322;9.51390646061808E-05;0.027719620285129
CONS00000067751;chr2;106984812;106985523;Arl14ep;intergenic;Intergenic;Arl14ep;255;163;150;115;100;114;257.286719458259;172.061708052537;192.468498335651;134.69233334829;77.2520119646273;120.556900510733;131.62436189194;0.57016711028489;0.287115667013081;0.000136388994286;0.031628329430119
CONS00000012293;chr10;75119292;75119806;Bcr;gene_body;intron (NM_001081412, intron 1 of 22);Bcr;70;43;56;18;45;12;70.6277269101103;45.3905119402399;71.8549060453098;21.0822782632107;34.7634053840823;12.6902000537614;50.497577489407;0.571683936770396;0.402649585074607;0.000131497468552;0.031149418297848
CONS00000007074;chr1;168432105;168432750;Pbx1;TSS_proximal;promoter-TSS (NM_008783);Pbx1;178;120;129;68;123;82;179.596219857138;126.671196112297;165.52290856866;79.6441623276847;95.0199747164915;86.7163670340364;114.126681913581;0.57172749808883;0.259237580039866;9.68941429818374E-05;0.028086942517924
CONS00000066309;chr2;73563441;73563942;Chrna1;gene_body;3' UTR (NM_007389, exon 9 of 9);Chrna1;88;45;41;19;13;35;88.7891424012815;47.5016985421115;52.6080562117447;22.2535159445001;10.0427615554015;37.0130834901375;38.0685004504287;0.572169477117947;0.411319875914661;0.000119395164541;0.030148605659565
CONS00000083553;chr4;132778560;132779346;Rpa2;gene_body_overlap_end;TTS (NM_011284);Rpa2;121;105;134;70;91;65;122.085070801762;110.83729659826;171.938525179849;81.9866376902636;70.2993308878108;68.738583624541;104.826124486774;0.572422470929063;0.269055598317653;0.000109671563255;0.02885188558379
CONS00000078151;chr3;152127125;152127841;Gipc2;gene_body;intron (NM_016867, intron 3 of 5);Gipc2;158;139;113;95;74;77;159.416869311392;146.727468830078;144.992935412857;111.267579722501;57.1664888538242;81.4287836783024;102.575585655026;0.574533570682282;0.269096661341405;0.000107271623256;0.028771916329276
CONS00000070337;chr2;155867761;155869042;Uqcc1;gene_body;intron (NM_001355441, intron 7 of 9);Fam83c;175;173;184;95;124;127;176.569317275276;182.617641061895;236.094691291732;111.267579722501;95.7924948361378;134.304617235642;131.33602324569;0.576316114948907;0.237811350195513;6.43741404433978E-05;0.0230026213163
CONS00000005847;chr1;152084587;152085341;1700025G04Rik;gene_body;intron (NM_197990, intron 1 of 5);1700025G04Rik;100;114;61;29;53;64;100.896752728729;120.337636306683;78.2705226564982;33.9658927573949;40.9435663412525;67.6810669533942;60.4962417963104;0.57765362313878;0.333315925912394;0.000161790970412;0.035490942022923
CONS00000014986;chr10;119030819;119031819;Dyrk2;intergenic;intron (NR_152787, intron 3 of 3);Gm33677;149;143;115;66;113;88;150.336161565806;150.949842033821;147.559182057333;77.3016869651057;87.2947735200288;93.0614670609171;107.222755509119;0.577921032326284;0.233970496116503;5.86065592560221E-05;0.022198211094206
CONS00000006798;chr1;164457764;164458979;Atp1b1;TSS;promoter-TSS (NM_009721);Atp1b1;335;308;212;167;250;189;338.004121641242;325.12273668823;272.022144314387;195.596692775343;193.130029911568;199.870650846742;225.148188119319;0.57872220270704;0.152571241972477;2.57537977961936E-06;0.002849006689075
CONS00000002486;chr1;66931810;66932502;Myl1;gene_body;intron (NM_001113387, intron 2 of 6);Myl1;93;100;57;43;59;48;93.8339800377179;105.559330093581;73.1380293675475;50.3632202954477;45.5786870591301;50.7608002150457;101.388282570986;0.57909834453431;0.279667785155105;0.00011531123413;0.029440993645992
CONS00000025235;chr12;40426716;40428033;Zfp277;gene_body;intron (NM_172575, intron 1 of 12);Zfp277;107;92;108;64;66;58;107.95952541974;97.1145836860947;138.577318801669;74.9592116025268;50.986327896654;61.3359669265135;86.6004831733547;0.582325415215065;0.270152142482754;9.99610305107694E-05;0.028236656061358
CONS00000009931;chr10;21535247;21536223;1700020N01Rik;intergenic;Intergenic;1700020N01Rik;139;103;88;57;42;78;140.246486292933;108.726109996389;112.914852356915;66.7605478335004;32.4458450251435;82.4863003494492;90.1345733707593;0.582749672525206;0.31555298750121;0.000145096177645;0.032843184593189
CONS00000017083;chr11;32357508;32358131;Sh3pxd2b;gene_body;intron (NM_177364, intron 1 of 12);Sh3pxd2b;59;76;65;34;27;33;59.5290841099501;80.2250908711217;83.4030159454489;39.8220811638423;20.8580432304494;34.8980501478439;52.2705318293504;0.58305841395001;0.370048491161748;0.000147603729824;0.033146663675733
CONS00000024669;chr12;25407551;25408160;Id2;intergenic;Intergenic;Gm17746;57;73;52;33;28;20;57.5111490553755;77.0583109683143;66.7224127563591;38.6508434825529;21.6305633500956;21.1503334229357;48.6962437241129;0.583201738294997;0.385406295688644;0.000136221344029;0.031628329430119
CONS00000014870;chr10;117938459;117939066;Rap1b;intergenic;intron (NR_045342, intron 3 of 3);4933411E08Rik;83;95;59;25;63;52;83.744304764845;100.281363588902;75.7042760120229;29.280942032237;48.6687675377152;54.9908668996328;78.9959339626238;0.586857852725651;0.294514777835602;0.000121795930913;0.030229323147353
CONS00000053618;chr17;73246744;73247435;Lclat1;intergenic;Intergenic;Lclat1;206;209;170;102;182;112;207.847310621182;220.618999895585;218.130964780405;119.466243491527;140.598661775622;118.44186716844;142.191687681573;0.588598305375887;0.209900316863706;2.91200928020615E-05;0.013903009013018
CONS00000066304;chr2;73547111;73547784;Wipf1;intergenic;Intergenic;Wipf1;110;108;86;44;58;71;110.986428001602;114.004076501068;110.34860571244;51.5344579767371;44.8061669394838;75.0836836514217;97.9314945921412;0.59099815152587;0.300221062142281;0.000121709496953;0.030229323147353
CONS00000052626;chr17;50592029;50592631;Plcl2;gene_body;intron (NM_013880, intron 1 of 5);Plcl2;54;37;49;17;17;27;54.4842464735136;39.056952134625;62.8730427896461;19.9110405819212;13.1328420339866;28.5529501209632;41.3925458905605;0.591460026599258;0.391269254616091;0.000121180018108;0.030229323147353
CONS00000102417;chr7;75415855;75416672;Akap13;intergenic;Intergenic;Akap13;96;84;68;32;65;49;96.8608826195798;88.6698372786082;87.2523859121619;37.4796058012634;50.2138077770077;51.8183168861925;70.6562339813384;0.59246094223835;0.293688429915874;0.000114013198045;0.029440993645992
CONS00000000533;chr1;23380170;23380671;Ogfrl1;gene_body;intron (NM_001081079, intron 1 of 6);Ogfrl1;55;75;49;31;32;21;55.4932140008009;79.1694975701859;62.8730427896461;36.3083681199739;24.7206438286807;22.2078500940825;40.6596627096698;0.594313201907787;0.371456184749116;0.000131582511511;0.031149418297848
CONS00000047989;chr16;57317957;57318548;Cmss1;gene_body;intron (NM_025599, intron 2 of 9);Tmem30c;48;66;39;21;17;21;48.4304413097899;69.6691578617636;50.0418095672694;24.5959913070791;13.1328420339866;22.2078500940825;28.1572825001498;0.594695241455077;0.41494960833089;9.45253148038021E-05;0.027719620285129
CONS00000056615;chr18;50077868;50078753;Tnfaip8;gene_body;intron (NM_134131, intron 1 of 1);C030005K06Rik;113;73;76;38;54;57;114.013330583464;77.0583109683143;97.5173724900634;44.5070318890003;41.7160864608987;60.2784502553667;69.1701505003878;0.595363323535378;0.30122207687968;0.000117046504096;0.029687487188521
CONS00000031749;chr13;52859904;52860605;Auh;gene_body;intron (NM_016709, intron 6 of 9);Auh;102;107;63;36;65;62;102.914687783304;112.948483200132;80.8367693009736;42.1645565264213;50.2138077770077;65.5660336111007;87.8709730882298;0.596519612264437;0.275328308437827;9.12449875053227E-05;0.027141800864476
CONS00000057254;chr18;65122217;65123233;Nedd4l;gene_body;intron (NM_031881, intron 4 of 29);Nedd4l;92;80;146;55;68;56;92.8250125104306;84.447464074865;187.336005046701;64.4180724709214;52.5313681359466;59.2209335842199;88.4005257447159;0.597994046910356;0.31856417132938;0.000125447827948;0.030589349119524
CONS00000018211;chr11;54935949;54936654;Tnip1;gene_body;intron (NM_021327, intron 5 of 17);Tnip1;215;186;162;107;161;118;216.928018366767;196.340353974061;207.865978202503;125.322431897974;124.37573926305;124.786967195321;160.612442490142;0.598201433931047;0.179942183176031;8.94847559562734E-06;0.006598126028281
CONS00000061777;chr19;53013545;53014303;Xpnpep1;gene_body;intron (NM_133216, intron 4 of 20);Mir6407;81;88;58;31;43;50;81.7263697102704;92.8922104823515;74.4211526897852;36.3083681199739;33.2183651447897;52.8758335573392;75.5966197367655;0.599247142760805;0.315811560304341;0.000122302044038;0.030229323147353
CONS00000062520;chr2;4454425;4455104;Frmd4a;gene_body;intron (NM_001347086, intron 3 of 24);Frmd4a;110;88;117;64;62;40;110.986428001602;92.8922104823515;150.125428701808;74.9592116025268;47.8962474180689;42.3006668458714;57.7580271250323;0.59927212961249;0.33503397505247;0.000130051948359;0.03104580439508
CONS00000073690;chr3;60610615;60611383;Mbnl1;gene_body;intron (NM_001310514, intron 4 of 8);Mbnl1;80;48;106;39;45;31;80.7174021829832;50.668478444919;136.011072157194;45.6782695702897;34.7634053840823;32.7830168055503;58.0886281109946;0.599562314384791;0.365760776942513;0.000127404930616;0.030802175033734
CONS00000062864;chr2;9986032;9986665;Taf3;gene_body;intron (NM_027748, intron 2 of 6);Taf3;147;123;127;53;107;83;148.318226511232;129.837976015105;162.956661924185;62.0755971083425;82.6596528021512;87.7738837051831;81.4430755391631;0.600414819350819;0.274193803923777;8.63563817048878E-05;0.026750182867368
CONS00000054735;chr17;88552862;88553490;Ppp1r21;gene_body;intron (NM_028658, intron 7 of 21);Ppp1r21;75;69;74;41;30;39;75.6725645465467;72.835937764571;94.951125845588;48.0207449328687;23.1756035893882;41.2431501747246;62.3297340774031;0.600748643560737;0.34268715582639;0.000129257735706;0.03104580439508
CONS00000097240;chr6;115574068;115574693;Tsen2;gene_body;intron (NM_199033, intron 8 of 11);Mkrn2os;154;114;84;61;63;71;155.380999202243;120.337636306683;107.782359067965;71.4454985586583;48.6687675377152;75.0836836514217;98.2493664071341;0.601389061741177;0.300691872547525;0.000109406108916;0.02885188558379
CONS00000055663;chr18;25590186;25591256;Celf4;gene_body;intron (NM_001362325, intron 2 of 12);Celf4;94;89;64;32;67;46;94.8429475650052;93.9478037832873;82.1198926232112;37.4796058012634;51.7588480163003;48.6457668727521;74.7233139338698;0.603349633426088;0.291212184203778;9.94408235084971E-05;0.028236656061358
CONS00000030383;chr13;30911926;30912819;Exoc2;gene_body;intron (NM_001360093, intron 7 of 28);Hus1b;102;73;80;35;49;59;102.914687783304;77.0583109683143;102.649865779014;40.9933188451318;37.8534858626674;62.3934835976603;79.2373038526602;0.604625103493597;0.30498299316308;0.000108827345792;0.02885188558379
CONS00000085164;chr4;154550059;154550560;Prdm16;gene_body;promoter-TSS (NR_151634);Gm13133;50;59;32;17;25;14;50.4483763643645;62.2800047552129;41.0599463116056;19.9110405819212;19.3130029911568;14.805233396055;26.9617201530691;0.605949117444639;0.41344543490069;8.70551039687875E-05;0.026750182867368
CONS00000031262;chr13;45531506;45532007;Gmpr;gene_body;intron (NM_025508, intron 5 of 8);Gmpr;41;42;29;13;13;15;41.3676686187789;44.3349186393041;37.2105763448926;15.2260898567632;10.0427615554015;15.8627500672018;31.1962309958561;0.606187305681531;0.426886616017225;7.39296571135525E-05;0.025151577658123
CONS00000016452;chr11;20063427;20064463;Actr2;gene_body;3' UTR (NM_001362899, exon 10 of 10);Actr2;126;68;88;32;50;53;127.129908438198;71.7803444636352;112.914852356915;37.4796058012634;38.6260059823136;56.0483835707796;66.791733453135;0.609721358259043;0.364410095703451;0.000115556483025;0.029440993645992
CONS00000033957;chr13;100493277;100493861;Gtf2h2;distal;promoter-TSS (NM_001360706);Gtf2h2;106;89;69;48;39;56;106.950557892453;93.9478037832873;88.5355092343996;56.2194087018951;30.1282846662046;59.2209335842199;81.5130272262507;0.612171967135335;0.305660197971712;0.000100889574592;0.028236656061358
CONS00000044468;chr15;99275357;99276670;Fam186b;gene_body;intron (NM_001081254, intron 5 of 7);Fam186b;139;164;189;79;130;97;140.246486292933;173.117301353473;242.510307902921;92.527776821869;100.427615554015;102.579117101238;117.265345149027;0.614551706993534;0.262462399158466;6.36838900632222E-05;0.022900001354063
CONS00000089744;chr5;113164723;113165530;2900026A02Rik;gene_body;Intergenic;2900026A02Rik;271;213;232;74;114;139;273.430199894855;224.841373099328;297.684610759141;86.6715884154216;88.0672936396751;146.994817289403;239.657076617458;0.616283071652825;0.376950107680636;0.000103638520561;0.028663912414595
CONS00000101274;chr7;45090310;45092526;Rcn3;TSS_overlap;intron (NM_001355045, intron 2 of 6);Rcn3;269;248;190;134;194;159;271.412264840281;261.787138632081;243.793431225158;156.94584929279;149.868903211377;168.145150712339;234.526599001416;0.616777789481675;0.15190330645418;1.27930938385271E-06;0.00207668464696
CONS00000093966;chr6;39398169;39398701;Mkrn1;gene_body;3' UTR (NM_001311109, exon 8 of 8);Rab19;64;51;55;21;41;23;64.5739217463865;53.8352583477264;70.5717827230722;24.5959913070791;31.6733249054972;24.3228834363761;41.408003232086;0.618527148027064;0.356041814973735;0.000107359786356;0.028771916329276
CONS00000115334;chr9;69715314;69715934;Foxb1;intergenic;Intergenic;Foxb1;86;97;62;33;72;29;86.7712073467069;102.392550190774;79.5536459787359;38.6508434825529;55.6214486145316;30.6679834632568;59.4616538443637;0.620826107521876;0.323299342429134;0.000100587281876;0.028236656061358
CONS00000115888;chr9;79755828;79756462;Cox7a2;gene_body;intron (NM_009945, intron 3 of 3);Cox7a2;128;99;105;65;61;62;129.147843492773;104.503736792645;134.727948834956;76.1304492838162;47.1237272984226;65.5660336111007;74.0242179437208;0.621312733761186;0.288137078474226;7.97500719841937E-05;0.025903354704533
CONS00000046805;chr16;33732031;33732722;Heg1;gene_body;intron (NM_175256, intron 6 of 14);Heg1;62;77;71;26;56;39;62.5559866918119;81.2806841720575;91.101755878875;30.4521797135265;43.2611267001913;41.2431501747246;71.6474323766868;0.621715868568831;0.299164094492974;8.71034732106487E-05;0.026750182867368
CONS00000066884;chr2;85012376;85013037;P2rx3;gene_body;intron (NM_145526, intron 8 of 11);P2rx3;114;107;103;52;67;66;115.022298110751;112.948483200132;132.161702190481;60.904359427053;51.7588480163003;69.7961002956878;73.2755778090686;0.621760795614242;0.290695691017464;8.1235311279197E-05;0.025929124777121
CONS00000013044;chr10;83032449;83033213;Chst11;gene_body;intron (NM_021439, intron 1 of 2);Chst11;197;157;120;86;66;113;198.766602875596;165.728148246923;153.974798668521;100.726440590895;50.986327896654;119.499383839587;109.848885765995;0.622873824853335;0.278656494767489;7.12103581516439E-05;0.024820960112795
CONS00000052429;chr17;47990223;47990724;1700122O11Rik;intergenic;Intergenic;1700122O11Rik;48;41;62;21;18;16;48.4304413097899;43.2793253383683;79.5536459787359;24.5959913070791;13.9053621536329;16.9202667383486;32.5529706933937;0.623197671729267;0.430566502689658;6.08511973546353E-05;0.022279886972676
CONS00000092451;chr5;149641279;149642003;Hsph1;distal;Intergenic;Hsph1;92;75;82;24;66;52;92.8250125104306;79.1694975701859;105.216112423489;28.1097043509475;50.986327896654;54.9908668996328;81.9030730879021;0.625291498300362;0.303651347636988;8.65488960810983E-05;0.026750182867368
CONS00000057645;chr18;70678362;70679226;Mbd2;intergenic;Intergenic;Mbd2;71;78;79;25;57;45;71.6366944373976;82.3362774729933;101.366742456776;29.280942032237;44.0336468198375;47.5882502016053;62.7291703453028;0.628808772356645;0.312649189746783;8.80384751823476E-05;0.026780731051372
CONS00000073642;chr3;60407761;60409706;Mbnl1;intergenic;Intergenic;Mbnl1;219;179;151;92;151;121;220.963888475916;188.95120086751;193.751621657889;107.753866678632;116.650538066587;127.959517208761;157.339865993908;0.630192359560231;0.185641329063578;7.45412532229673E-06;0.005954469383331
CONS00000076617;chr3;122474125;122474626;Bcar3;gene_body;intron (NM_013867, intron 3 of 11);Bcar3;103;55;65;34;46;27;103.923655310591;58.0576315514697;83.4030159454489;39.8220811638423;35.5359255037285;28.5529501209632;45.1686461711047;0.630349185257494;0.359805781430463;9.46138740411494E-05;0.027719620285129
CONS00000034864;chr13;113548903;113549553;Snx18;intergenic;Intergenic;4921509O07Rik;167;124;106;68;100;87;168.497577056977;130.893569316041;136.011072157194;79.6441623276847;77.2520119646273;92.0039503897703;144.351669851054;0.631512800293029;0.207202393506527;1.60890973591381E-05;0.009327572106729
CONS00000011121;chr10;45376775;45377774;Lin28b;gene_body;3' UTR (NM_001031772, exon 5 of 5);Bves;197;111;86;69;52;71;198.766602875596;117.170856403875;110.34860571244;80.8154000089742;40.1710462216062;75.0836836514217;79.2665488622739;0.636117187742685;0.333041971092249;8.81456781942549E-05;0.026780731051372
CONS00000012174;chr10;70088678;70089394;Ccdc6;distal;Intergenic;Ccdc6;111;80;48;35;26;30;111.995395528889;84.447464074865;61.5899194674084;40.9933188451318;20.0855231108031;31.7255001344035;50.8495854788747;0.636197500564652;0.408190003241886;6.93514344588715E-05;0.024473302787458
CONS00000011256;chr10;53435075;53436001;Cep85l;intergenic;Intergenic;Gm36229;120;101;89;57;62;63;121.076103274475;106.614923394517;114.197975679153;66.7605478335004;47.8962474180689;66.6235502822475;89.7814672195953;0.640194233133322;0.25995002853072;4.62033805665181E-05;0.019160912896983
CONS00000079349;chr4;33077208;33078162;Gabrr2;gene_body;intron (NM_008076, intron 3 of 8);Gabrr2;181;143;146;71;97;100;182.623122438999;150.949842033821;187.336005046701;83.1578753715531;74.9344516056885;105.751667114678;98.5483202079867;0.641204397175767;0.281353482073811;5.99831781436314E-05;0.022274145530918
CONS00000039285;chr14;105397414;105398257;Ndfip2;intergenic;Intergenic;5430440P10Rik;83;50;49;19;30;26;83.744304764845;52.7796650467906;62.8730427896461;22.2535159445001;23.1756035893882;27.4954334498164;39.3653361140746;0.641759016413757;0.399656153410727;7.05081713174769E-05;0.02472791205804
CONS00000041727;chr15;58194590;58195354;Fbxo32;gene_body;intron (NM_026346, intron 4 of 8);Fbxo32;90;109;84;55;43;49;90.807077455856;115.059669802004;107.782359067965;64.4180724709214;33.2183651447897;51.8183168861925;63.7794086661035;0.641795184352407;0.316479850660324;7.81149026694537E-05;0.025653746792861
CONS00000003653;chr1;92235500;92236001;Hdac4;intergenic;Intergenic;Hdac4;62;60;60;13;41;29;62.5559866918119;63.3355980561487;76.9873993342605;15.2260898567632;31.6733249054972;30.6679834632568;32.4578398918085;0.642509611871084;0.382572138860373;7.77135994974581E-05;0.025653746792861
CONS00000046765;chr16;33370240;33371318;Zfp148;intergenic;Intergenic;1700007L15Rik;129;132;79;60;78;67;130.15681102006;139.338315723527;101.366742456776;70.2742608773688;60.2565693324093;70.8536169668346;109.789898215795;0.642830360582148;0.241842302567272;3.29540365598122E-05;0.014978268697166
CONS00000076343;chr3;115933248;115933778;Dph5;gene_body;Intergenic;Dph5;62;48;45;20;29;22;62.5559866918119;50.668478444919;57.7405495006954;23.4247536257896;22.4030834697419;23.2653667652293;37.4509568577445;0.643941086265696;0.371352542717142;8.0073794185223E-05;0.025903354704533
CONS00000097678;chr6;121194030;121194852;Pex26;gene_body;3' UTR (NM_001304774, exon 4 of 4);Pex26;126;70;53;31;56;29;127.129908438198;73.8915310655068;68.0055360785968;36.3083681199739;43.2611267001913;30.6679834632568;53.3795222605973;0.644906784841483;0.365642702036618;8.05121577844372E-05;0.025903354704533
CONS00000083651;chr4;133399391;133400110;Slc9a1;gene_body;intron (NM_016981, intron 1 of 11);Mir5122;132;113;125;53;92;86;133.183713601922;119.282043005747;160.390415279709;62.0755971083425;71.0718510074571;90.9464337186235;134.753064949554;0.648246098880569;0.229959631139901;2.40948063610231E-05;0.012114570118598
CONS00000103519;chr7;98164783;98165676;Capn5;gene_body;intron (NM_007602, intron 1 of 12);Capn5;138;149;124;80;118;65;139.237518765646;157.283401839436;159.107291957472;93.6990145031585;91.1573741182602;68.738583624541;120.9268406258;0.648314129220627;0.210960089065867;1.46249168429942E-05;0.008934566133707
CONS00000058079;chr18;78968227;78968836;Setbp1;gene_body;intron (NM_053099, intron 2 of 5);Setbp1;80;92;52;44;41;27;80.7174021829832;97.1145836860947;66.7224127563591;51.5344579767371;31.6733249054972;28.5529501209632;66.0906534743969;0.652019253339885;0.330337892363642;7.38631638036083E-05;0.025151577658123
CONS00000077307;chr3;135579089;135580919;Manba;intergenic;Intergenic;Manba;381;332;262;169;243;226;384.416627896457;350.45697591069;336.178310426271;197.939168137922;187.722389074044;238.998767679173;280.3622877636;0.657031580971094;0.166494257584748;1.77477817432675E-06;0.002291682317599
CONS00000077910;chr3;146172934;146173549;Mcoln2;gene_body;intron (NM_001005846, intron 4 of 13);Mcoln2;141;107;89;68;64;63;142.264421347508;112.948483200132;114.197975679153;79.6441623276847;49.4412876573615;66.6235502822475;92.5326919158906;0.657616567539532;0.253135859010114;3.40404656697875E-05;0.015109445758039
CONS00000030637;chr13;35870897;35872180;Cdyl;gene_body;intron (NM_001123386, intron 5 of 6);Rpp40;137;134;122;62;85;92;138.228551238359;141.449502325399;156.541045312996;72.6167362399478;65.6642101699332;97.2915337455042;121.601721169224;0.658124285752029;0.232486778861391;2.26753740299727E-05;0.011708460112995
CONS00000105233;chr7;125561126;125561748;Il4ra;gene_body;intron (NM_001008700, intron 1 of 10);Il4ra;122;145;74;58;83;53;123.094038329049;153.061028635693;94.951125845588;67.9317855147899;64.1191699306406;56.0483835707796;102.72155538845;0.661093259251034;0.271607465782668;4.28788945216672E-05;0.01829852301277
CONS00000048407;chr16;76249316;76250217;Nrip1;intergenic;Intergenic;Nrip1;134;89;79;63;46;44;135.201648656497;93.9478037832873;101.366742456776;73.7879739212373;35.5359255037285;46.5307335304585;74.9425597678023;0.663068184772293;0.313886451892628;6.11750834768549E-05;0.022279886972676
CONS00000039272;chr14;105271946;105273002;Ndfip2;gene_body;intron (NM_001190989, intron 1 of 7);Ndfip2;98;74;100;37;68;55;98.8788176741544;78.1139042692501;128.312332223768;43.3357942077108;52.5313681359466;58.1634169130732;100.960075857329;0.665969206935409;0.264296944383312;3.67546025300813E-05;0.016187695680206
CONS00000088874;chr5;100340899;100341538;Sec31a;intergenic;Intergenic;Gm45913;69;67;71;24;47;33;69.618759382823;70.7247511626994;91.101755878875;28.1097043509475;36.3084456233748;34.8980501478439;54.0973675887335;0.674431871272684;0.337719343828491;5.90286256699373E-05;0.022210009055877
CONS00000113261;chr9;37420642;37421671;Robo3;gene_body;intron (NM_001164767, intron 16 of 27);Robo3;201;188;147;103;139;103;202.802472984745;198.451540575933;188.619128368938;120.637481172817;107.380296630832;108.924217128119;146.045587479578;0.674539550749972;0.173312551918767;2.00716288099191E-06;0.002534154646301
CONS00000046009;chr16;22076343;22076947;Igf2bp2;gene_body;intron (NM_183029, intron 9 of 15);Ndufa11b;44;62;58;27;27;19;44.3945712006407;65.4467846580203;74.4211526897852;31.623417394816;20.8580432304494;20.0928167517889;50.4796985339241;0.675084378281022;0.372821600892221;5.76492855438368E-05;0.02213070377144
CONS00000017132;chr11;32762755;32763454;Smim23;intergenic;Intergenic;Smim23;106;101;72;57;41;43;106.950557892453;106.614923394517;92.3848792011127;66.7605478335004;31.6733249054972;45.4732168593117;69.9026325194761;0.67630888413009;0.310187687706924;5.17405233433059E-05;0.020848495274822
CONS00000045951;chr16;21209351;21209852;Ephb3;gene_body;intron (NM_010143, intron 1 of 15);Ephb3;71;53;52;21;30;26;71.6366944373976;55.946444949598;66.7224127563591;24.5959913070791;23.1756035893882;27.4954334498164;37.9005425490199;0.680256625214781;0.375523463288476;5.41268465264027E-05;0.021505012485298
CONS00000063619;chr2;25095036;25095749;Noxa1;TSS_proximal;promoter-TSS (NM_001163626);Noxa1;125;136;132;76;87;62;126.120940910911;143.56068892727;169.372278535373;89.0140637780005;67.2092504092257;65.5660336111007;89.0077287710345;0.681031541846963;0.261813963476939;2.97734215699259E-05;0.013970322046789
CONS00000022438;chr11;106253488;106254278;Ftsj3;gene_body;intron (NM_025310, intron 5 of 20);Ftsj3;48;72;54;29;28;22;48.4304413097899;76.0027176673785;69.2886594008345;33.9658927573949;21.6305633500956;23.2653667652293;41.3530971571195;0.681292269737852;0.361639996999191;5.52617061415801E-05;0.02165306092713
CONS00000117011;chr9;103438475;103439133;Bfsp2;gene_body;intron (NM_001002896, intron 4 of 6);Bfsp2;71;72;73;33;46;33;71.6366944373976;76.0027176673785;93.6680025233503;38.6508434825529;35.5359255037285;34.8980501478439;56.890618756737;0.681356479150182;0.316822343601817;5.07796517023059E-05;0.020737611476833
CONS00000087375;chr5;63767705;63768762;Nwd2;gene_body;intron (NM_177006, intron 3 of 6);0610040J01Rik;122;77;94;40;45;64;123.094038329049;81.2806841720575;120.613592290342;46.8495072515792;34.7634053840823;67.6810669533942;79.4734421594853;0.687460416740802;0.311400705265848;4.60233415322007E-05;0.019160912896983
CONS00000017412;chr11;43395124;43395804;Pttg1;intergenic;Intergenic;Mir146;84;101;58;24;52;57;84.7532722921323;106.614923394517;74.4211526897852;28.1097043509475;40.1710462216062;60.2784502553667;87.4232601550149;0.697182407970989;0.276877208254231;3.02446468671142E-05;0.013970322046789
CONS00000113737;chr9;45274140;45274974;Il10ra;distal;Intergenic;Il10ra;97;71;61;40;49;36;97.8698501468671;74.9471243664427;78.2705226564982;46.8495072515792;37.8534858626674;38.0706001612843;75.9079397812462;0.698246710596031;0.274551271058405;2.90238924770628E-05;0.013903009013018
CONS00000039273;chr14;105275152;105275707;Ndfip2;gene_body;intron (NM_001190989, intron 1 of 7);Ndfip2;80;72;67;30;31;42;80.7174021829832;76.0027176673785;85.9692625899243;35.1371304386844;23.9481237090345;44.415700188165;60.8163127283045;0.703035992905873;0.33777439125726;4.30784293878905E-05;0.01829852301277
CONS00000116412;chr9;92374133;92375455;1700057G04Rik;intergenic;Intergenic;1700057G04Rik;168;109;128;57;67;89;169.506544584265;115.059669802004;164.239785246422;66.7605478335004;51.7588480163003;94.1189837320639;119.415944859521;0.708540460322057;0.284927381919675;2.90318039529852E-05;0.013903009013018
CONS00000083595;chr4;133055770;133057087;Ahdc1;gene_body;intron (NM_146155, intron 3 of 6);Ahdc1;248;272;219;129;196;155;250.223946767248;287.121377854541;281.004007570051;151.089660886343;151.413943450669;163.915084027752;233.233920523686;0.709853613741993;0.142598832736909;4.36655394675585E-08;0.00022553251135
CONS00000008453;chr1;189816432;189817562;Ptpn14;gene_body;intron (NM_008976, intron 3 of 18);Ptpn14;142;136;103;74;77;78;143.273388874795;143.56068892727;132.161702190481;86.6715884154216;59.484049212763;82.4863003494492;136.397242956307;0.714980433368199;0.191625832804877;2.71699700174689E-06;0.002912569521778
CONS00000073688;chr3;60602699;60603631;Mbnl1;gene_body;intron (NM_001310514, intron 3 of 8);Mbnl1;348;281;189;158;190;157;351.120699495977;296.621717562963;242.510307902921;185.055553643738;146.778822732792;166.030117370045;192.156942518546;0.717234951394181;0.162467513156323;3.7069212498633E-07;0.000985149717435
CONS00000023794;chr11;120916349;120916946;Ccdc57;gene_body;intron (NM_027745, intron 3 of 18);Ccdc57;83;74;93;41;51;42;83.744304764845;78.1139042692501;119.330468968104;48.0207449328687;39.3985261019599;44.415700188165;73.12714757133;0.719565034471427;0.281631573451427;2.45720466757126E-05;0.012246147648076
CONS00000116644;chr9;96756655;96757272;Zbtb38;distal;Intergenic;E030011O05Rik;60;62;78;37;31;29;60.5380516372374;65.4467846580203;100.083619134539;43.3357942077108;23.9481237090345;30.6679834632568;66.5780443764443;0.720138254809203;0.323857390409434;3.39121219082396E-05;0.015109445758039
CONS00000074317;chr3;84324318;84325302;Trim2;intergenic;Intergenic;Trim2;173;116;101;56;96;80;174.551382220701;122.448822908554;129.595455546005;65.5893101522109;74.1619314860422;84.6013336917428;126.95804749177;0.72090735579978;0.206875478481307;4.72393523537486E-06;0.004328877103191
CONS00000027057;chr12;84933734;84934454;Arel1;gene_body;intron (NR_157097, intron 8 of 18);Arel1;175;158;142;77;66;104;176.569317275276;166.783741547858;182.20351175775;90.18530145929;50.986327896654;109.981733799266;107.821646008045;0.721066966625508;0.275505825380806;2.24063198102439E-05;0.011679037247881
CONS00000041702;chr15;57978231;57979199;Fam83a;distal;Intergenic;Fam83a;150;103;108;54;67;70;151.345129093093;108.726109996389;138.577318801669;63.246834789632;51.7588480163003;74.0261669802749;97.031315222262;0.725285833799979;0.275107043534755;2.11860035039038E-05;0.011521620484361
CONS00000038327;chr14;74646066;74646895;Htr2a;gene_body;intron (NM_172812, intron 2 of 2);Htr2a;155;116;100;64;81;73;156.38996672953;122.448822908554;128.312332223768;74.9592116025268;62.5741296913481;77.1987169937153;120.970207763648;0.7303258047155;0.203202945466557;3.54016824630354E-06;0.003528678226557
CONS00000030578;chr13;34904445;34904969;Prpf4b;gene_body;Intergenic;Fam217a;64;68;47;19;41;21;64.5739217463865;71.7803444636352;60.3067961451708;22.2535159445001;31.6733249054972;22.2078500940825;36.0521904657974;0.732670615473399;0.354313568128858;3.15013154167935E-05;0.014433445446816
CONS00000099670;chr7;4521149;4521917;Tnni3;gene_body;intron (NM_009406, intron 3 of 7);Tnni3;114;93;118;52;68;66;115.022298110751;98.1701769870305;151.408552024046;60.904359427053;52.5313681359466;69.7961002956878;93.7411712846854;0.733473259885448;0.23127393032342;8.42747610542593E-06;0.00638409406573
CONS00000082856;chr4;123588438;123589211;Macf1;gene_body;intron (NM_001199136, intron 1 of 97);Mir6398;128;125;113;52;106;53;129.147843492773;131.949162616977;144.992935412857;60.904359427053;81.8871326825049;56.0483835707796;80.5401371274077;0.733571714571498;0.240791037404802;1.05736540657791E-05;0.007116309168778
CONS00000004736;chr1;130516628;130517713;Cd55;intergenic;Intergenic;Cd55;88;56;71;36;44;34;88.7891424012815;59.1132248524055;91.101755878875;42.1645565264213;33.990885264436;35.9555668189907;81.0226904349635;0.734168019741575;0.275385977430547;1.90859198358441E-05;0.010631044465426
CONS00000110951;chr8;115070063;115070600;Wwox;gene_body;intron (NM_019573, intron 8 of 8);Wwox;54;60;39;24;12;25;54.4842464735136;63.3355980561487;50.0418095672694;28.1097043509475;9.27024143575527;26.4379167786696;45.7789128670126;0.734168268064686;0.375926011712378;3.01308655313516E-05;0.013970322046789
CONS00000054877;chr18;3933277;3934130;Lyzl1;intergenic;Intergenic;Lyzl1;125;102;90;37;69;69;126.120940910911;107.670516695453;115.481099001391;43.3357942077108;53.3038882555928;72.9686503091282;76.6512680816113;0.737348703809785;0.250360684609026;1.22799084522559E-05;0.007839134817022
CONS00000079880;chr4;45765974;45766635;Aldh1b1;intergenic;Intergenic;Gm12409;93;65;54;25;35;31;93.8339800377179;68.6135645608278;69.2886594008345;29.280942032237;27.0382041876195;32.7830168055503;44.9075987477353;0.737736640869731;0.360964979722778;2.96993174445137E-05;0.013970322046789
CONS00000043553;chr15;84388478;84389085;Shisal1;gene_body;intron (NM_001163145, intron 4 of 4);Shisal1;60;49;69;24;14;31;60.5380516372374;51.7240717458548;88.5355092343996;28.1097043509475;10.8152816750478;32.7830168055503;42.4016884579329;0.739866809612693;0.388729584500372;2.70213963783828E-05;0.013349744654242
CONS00000088703;chr5;96824674;96825854;Anxa3;gene_body;intron (NM_013470, intron 7 of 12);Anxa3;136;145;81;64;76;55;137.219583711071;153.061028635693;103.932989101252;74.9592116025268;58.7115290931167;58.1634169130732;73.357812752316;0.741020595595927;0.252150814668544;1.21192269078457E-05;0.007824475872378
CONS00000073692;chr3;60615108;60616143;Mbnl1;gene_body;exon (NM_001253711, exon 6 of 8);Mbnl1;116;117;129;53;72;77;117.040233165326;123.50441620949;165.52290856866;62.0755971083425;55.6214486145316;81.4287836783024;85.4446967051616;0.743559272800454;0.241160242165599;9.3336025052074E-06;0.006681019582847
CONS00000079254;chr4;32130505;32131073;Bach2;intergenic;Intergenic;Map3k7;78;72;71;29;55;33;78.6994671284086;76.0027176673785;91.101755878875;33.9658927573949;42.488606580545;34.8980501478439;60.9851545282485;0.747407664243746;0.278769169235099;1.69358432712487E-05;0.009719292277333
CONS00000045950;chr16;21204280;21205004;Ephb3;TSS_proximal;promoter-TSS (NM_010143);Ephb3;256;254;204;140;187;107;258.295686985546;268.120698437696;261.757157736486;163.973275380527;144.461262373853;113.154283812706;166.457161257888;0.749771984925065;0.171714261348487;3.81471332985368E-07;0.000985149717435
CONS00000090254;chr5;120139023;120139642;Rbm19;gene_body;promoter-TSS (NR_045793);Gm10390;109;109;122;42;57;80;109.977460474315;115.059669802004;156.541045312996;49.1919826141582;44.0336468198375;84.6013336917428;117.206251281401;0.750330155513962;0.269174111604105;1.43242193152812E-05;0.008845983917366
CONS00000069099;chr2;131145235;131146080;Hspa12b;gene_body;TTS (NM_001361375);1700037H04Rik;212;123;130;71;108;79;213.901115784905;129.837976015105;166.806031890898;83.1578753715531;83.4321729217975;83.543817020596;100.20493111365;0.755372960311884;0.233890243292187;6.6523551836934E-06;0.005479504027191
CONS00000081743;chr4;102741266;102741843;Sgip1;gene_body_overlap_start;Intergenic;Sgip1;109;78;51;33;34;36;109.977460474315;82.3362774729933;65.4392894341215;38.6508434825529;26.2656840679733;38.0706001612843;51.6933678086797;0.755545546771081;0.343458579954384;2.39586601368373E-05;0.012114570118598
CONS00000027319;chr12;88437124;88437883;Adck1;gene_body;intron (NM_001361598, intron 4 of 9);3200001D21Rik;67;73;57;20;46;29;67.6008243282484;77.0583109683143;73.1380293675475;23.4247536257896;35.5359255037285;30.6679834632568;47.9876633741337;0.75567330155042;0.320413975600146;2.20407332394329E-05;0.011679037247881
CONS00000098479;chr6;134117545;134118046;Etv6;gene_body;intron (NM_001303102, intron 2 of 8);Etv6;79;50;55;22;26;30;79.7084346556959;52.7796650467906;70.5717827230722;25.7672289883686;20.0855231108031;31.7255001344035;41.0243622940863;0.760674936241608;0.356463192122841;2.28749286727517E-05;0.011708460112995
CONS00000057058;chr18;61364796;61365465;Ppargc1b;gene_body;intron (NM_133249, intron 1 of 11);Mir378a;112;67;114;44;50;53;113.004363056176;70.7247511626994;146.276058735095;51.5344579767371;38.6260059823136;56.0483835707796;71.9910316324425;0.763350911321864;0.289350721766309;1.57200558528854E-05;0.009207577044141
CONS00000093020;chr6;17737168;17738144;St7;gene_body;intron (NM_001289624, intron 1 of 15);St7;111;119;107;48;74;66;111.995395528889;125.615602811362;137.294195479431;56.2194087018951;57.1664888538242;69.7961002956878;75.1094264288104;0.763493790173698;0.229323812284615;5.22715373686391E-06;0.004569210964571
CONS00000080695;chr4;63061370;63062349;Zfp618;gene_body;intron (NM_028327, intron 2 of 14);Ambp;74;41;81;19;40;24;74.6635970192594;43.2793253383683;103.932989101252;22.2535159445001;30.9008047858509;25.3804001075228;53.8784488200921;0.76353859992614;0.373325437972522;2.17735787632568E-05;0.011670432805985
CONS00000052307;chr17;46986482;46987028;Ubr2;gene_body;exon (NM_001177374, exon 6 of 47);Ubr2;120;97;132;28;57;71;121.076103274475;102.392550190774;169.372278535373;32.7946550761055;44.0336468198375;75.0836836514217;61.3120083769003;0.765935489067128;0.345393048229442;2.12931470713352E-05;0.011521620484361
CONS00000033599;chr13;95470012;95471414;S100z;distal;Intergenic;S100z;187;183;202;80;126;127;188.676927602723;193.173574071254;259.19091109201;93.6990145031585;97.3375350754304;134.304617235642;124.890737307465;0.767899537834782;0.198732238693065;1.5239874305751E-06;0.002220137073542
CONS00000112997;chr9;31254146;31255204;Prdm10;intergenic;Intergenic;Gm7244;110;111;105;50;75;61;110.986428001602;117.170856403875;134.727948834956;58.561884064474;57.9390089734705;64.5085169399539;97.0816651132631;0.769596552817373;0.210322996134941;2.49201595946656E-06;0.002849006689075
CONS00000117623;chr9;112174369;112175458;Arpp21;gene_body;intron (NM_001177623, intron 9 of 9);Arpp21;95;71;100;38;43;41;95.8519150922925;74.9471243664427;128.312332223768;44.5070318890003;33.2183651447897;43.3581835170182;54.7657170390379;0.777300064530951;0.324492887533872;1.73648355637716E-05;0.009865831325557
CONS00000091299;chr5;135873018;135874208;Srrm3;gene_body;3' UTR (NM_021403, exon 15 of 15);Hspb1;237;158;194;86;123;127;239.125303967088;166.783741547858;248.925924514109;100.726440590895;95.0199747164915;134.304617235642;153.664862736902;0.785912482756346;0.193955677146092;8.2760221328297E-07;0.001766807268414
CONS00000039692;chr14;121262621;121263363;Farp1;gene_body;intron (NM_134082, intron 16 of 26);B930095G15Rik;118;95;73;56;52;41;119.0581682199;100.281363588902;93.6680025233503;65.5893101522109;40.1710462216062;43.3581835170182;93.4082608115483;0.787876998749876;0.240925246450693;4.98740367924928E-06;0.004497767302167
CONS00000065400;chr2;59049538;59050096;Ccdc148;gene_body;intron (NM_001001178, intron 1 of 14);Ccdc148;54;77;47;21;29;30;54.4842464735136;81.2806841720575;60.3067961451708;24.5959913070791;22.4030834697419;31.7255001344035;59.1185853201587;0.788746693712929;0.324235189345024;1.50893392841335E-05;0.009024219067664
CONS00000049137;chr16;93391940;93392732;Setd4;intergenic;Intergenic;Mir802;228;202;163;75;161;111;230.044596221502;213.229846789034;209.149101524741;87.8428260967111;124.37573926305;117.384350497293;169.171892807555;0.793873791218034;0.181606027043119;2.94207121224021E-07;0.000856180962277
CONS00000032172;chr13;59575101;59575999;Agtpbp1;gene_body;Intergenic;A230056J06Rik;76;77;93;32;54;36;76.681532073834;81.2806841720575;119.330468968104;37.4796058012634;41.7160864608987;38.0706001612843;60.3690773588021;0.794656393978771;0.289933394111011;1.06465947257964E-05;0.007116309168778
CONS00000096066;chr6;88956649;88957489;Tpra1;intergenic;Intergenic;Tpra1;79;87;71;40;30;37;79.7084346556959;91.8366171814156;91.101755878875;46.8495072515792;23.1756035893882;39.128116832431;68.8384458938483;0.800148672628213;0.308225952514709;1.18135630999041E-05;0.007714799856564
CONS00000087094;chr5;50026072;50026607;Adgra3;gene_body;intron (NM_133911, intron 1 of 18);Adgra3;80;54;50;10;30;20;80.7174021829832;57.0020382505339;64.1561661118838;11.7123768128948;23.1756035893882;21.1503334229357;31.9947566036638;0.800946354368757;0.4307554564693;1.0247741995707E-05;0.00705807602804
CONS00000067121;chr2;92024291;92024792;Creb3l1;TSS;promoter-TSS (NM_011957);Creb3l1;75;78;47;19;42;28;75.6725645465467;82.3362774729933;60.3067961451708;22.2535159445001;32.4458450251435;29.61046679211;44.7236526479637;0.821542245803329;0.319374215719168;9.75103566691819E-06;0.006839569029827
CONS00000100982;chr7;35662154;35662814;Pdcd5;intergenic;Intergenic;Pdcd5;112;78;67;47;36;29;113.004363056176;82.3362774729933;85.9692625899243;55.0481710206056;27.8107243072658;30.6679834632568;58.3225317343963;0.82563459441003;0.308830609866395;8.56837772101729E-06;0.006405426055521
CONS00000092349;chr5;148789224;148789798;Katnal1;intergenic;Intergenic;4930505K14Rik;52;60;61;19;31;28;52.466311418939;63.3355980561487;78.2705226564982;22.2535159445001;23.9481237090345;29.61046679211;48.2496638816074;0.832355415198338;0.310169949026062;7.93785116946938E-06;0.006177931701279
CONS00000010979;chr10;43934443;43935416;Rtn4ip1;gene_body;intron (NR_152603, intron 6 of 7);Rtn4ip1;163;179;153;105;91;65;164.461706947828;188.95120086751;196.317868302364;122.979956535395;70.2993308878108;68.738583624541;161.430070241136;0.8347609064764;0.207329628019585;6.40223830299164E-07;0.001454972676738
CONS00000099266;chr6;145960840;145961618;Sspn;gene_body;exon (NM_010656, exon 3 of 3);Sspn;100;110;67;37;38;28;100.896752728729;116.115263102939;85.9692625899243;43.3357942077108;29.3557645465584;29.61046679211;48.7830104663463;0.834950391860927;0.370779945942444;9.40740238718248E-06;0.006681019582847
CONS00000078286;chr3;153645483;153646286;St6galnac3;gene_body;intron (NM_011372, intron 1 of 4);St6galnac3;214;244;145;85;149;86;215.91905083948;257.564765428338;186.052881724463;99.5552029096059;115.105497827295;90.9464337186235;121.116093437684;0.839402260069543;0.215303990923811;8.70731382831764E-07;0.001766807268414
CONS00000019001;chr11;68198999;68199596;Stx8;gene_body;intron (NM_001361351, intron 6 of 6);Mir6406;146;147;118;67;111;30;147.309258983944;155.172215237564;151.408552024046;78.4729246463952;85.7497332807363;31.7255001344035;107.626561028908;0.842376876660486;0.252773273009741;2.9297871535619E-06;0.003036734875942
CONS00000103747;chr7;100479592;100480180;Ucp3;gene_body;intron (NM_009464, intron 2 of 6);Ucp3;118;154;99;61;53;75;119.0581682199;162.561368344115;127.02920890153;71.4454985586583;40.9435663412525;79.3137503360089;119.503367229597;0.843770514022373;0.216601263498867;8.48842218082812E-07;0.001766807268414
CONS00000009753;chr10;19687665;19688201;Il20ra;intergenic;Intergenic;Il20ra;60;76;56;21;23;17;60.5380516372374;80.2250908711217;71.8549060453098;24.5959913070791;17.7679627518643;17.9777834094953;43.5375940631575;0.848065435832855;0.417650493464895;6.65468235283217E-06;0.005479504027191
CONS00000039306;chr14;105886463;105887464;Spry2;distal;Intergenic;Spry2;168;105;140;68;68;70;169.506544584265;110.83729659826;179.637265113275;79.6441623276847;52.5313681359466;74.0261669802749;113.39580384776;0.848699328486097;0.235765264511836;1.64064867149546E-06;0.002291682317599
CONS00000070804;chr2;163298667;163299464;Tox2;gene_body;intron (NM_001363064, intron 3 of 8);Tox2;157;132;105;69;57;60;158.407901784104;139.338315723527;134.727948834956;80.8154000089742;44.0336468198375;63.4510002688071;73.2291428207941;0.851829634822775;0.254064744459978;2.60755694503005E-06;0.002849006689075
CONS00000008457;chr1;189830268;189831392;Ptpn14;gene_body;intron (NM_008976, intron 5 of 18);Smyd2;135;124;127;51;91;59;136.210616183784;130.893569316041;162.956661924185;59.7331217457635;70.2993308878108;62.3934835976603;92.4660682677139;0.85210268676812;0.226748795938241;1.11689538095742E-06;0.001891898565116
CONS00000026100;chr12;72441456;72442401;Lrrc9;TSS;promoter-TSS (NM_001142729);Lrrc9;108;99;51;34;42;36;108.968492947027;104.503736792645;65.4392894341215;39.8220811638423;32.4458450251435;38.0706001612843;69.7051649532692;0.85595275084214;0.29930701900535;5.22747008179409E-06;0.004569210964571
CONS00000009936;chr10;21577504;21578345;1700020N01Rik;intergenic;Intergenic;1700020N01Rik;67;69;66;25;41;27;67.6008243282484;72.835937764571;84.6861392676866;29.280942032237;31.6733249054972;28.5529501209632;45.2177359385084;0.861845576885026;0.285802174831455;4.06792101101933E-06;0.003788834954772
CONS00000054750;chr17;88668338;88668938;Gtf2a1l;TSS;promoter-TSS (NM_023630);Gtf2a1l;113;98;98;51;52;41;114.013330583464;103.44814349171;125.746085579292;59.7331217457635;40.1710462216062;43.3581835170182;69.9142969205205;0.86885225244003;0.264339090175402;2.5206262594545E-06;0.002849006689075
CONS00000072979;chr3;37738170;37738840;Gm5148;intergenic;Intergenic;Gm5148;158;157;149;58;123;76;159.416869311392;165.728148246923;191.185375013414;67.9317855147899;95.0199747164915;80.3712670071557;114.639688002802;0.870288086787444;0.18156143110648;3.33105443250401E-08;0.000210282063981
CONS00000059904;chr19;21104394;21105139;Tmc1;intergenic;promoter-TSS (NR_126458);4930554I06Rik;173;132;69;34;78;66;174.551382220701;139.338315723527;88.5355092343996;39.8220811638423;60.2565693324093;69.7961002956878;105.648580957601;0.890344070004525;0.242384318116169;9.76950434132966E-07;0.001850181297175
CONS00000107912;chr8;39045217;39045943;Tusc3;gene_body;intron (NM_001357304, intron 1 of 7);Tusc3;121;60;49;26;33;29;122.085070801762;63.3355980561487;62.8730427896461;30.4521797135265;25.493163948327;30.6679834632568;46.3953262833363;0.897039020966028;0.33349886406013;3.94476701583778E-06;0.003788834954772
CONS00000054753;chr17;88700751;88701382;Gtf2a1l;gene_body;intron (NM_023630, intron 6 of 8);Gtf2a1l;83;83;96;35;50;34;83.744304764845;87.6142439776724;123.179838934817;40.9933188451318;38.6260059823136;35.9555668189907;62.9683952385823;0.909221721154131;0.268985186523133;1.46626483806573E-06;0.002220137073542
CONS00000111311;chr8;120096071;120096638;Zdhhc7;gene_body;intron (NM_133967, intron 1 of 7);Zdhhc7;81;110;79;38;38;33;81.7263697102704;116.115263102939;101.366742456776;44.5070318890003;29.3557645465584;34.8980501478439;49.8601994645888;0.921480083600782;0.304644715736916;2.19528208934338E-06;0.002610235025458
CONS00000029830;chr13;20162933;20164041;Elmo1;gene_body;intron (NM_080288, intron 1 of 21);Elmo1;88;73;79;32;30;40;88.7891424012815;77.0583109683143;101.366742456776;37.4796058012634;23.1756035893882;42.3006668458714;63.2619821940321;0.923010308298678;0.279302294995918;1.45291021795138E-06;0.002220137073542
CONS00000023798;chr11;120940821;120941414;Slc16a3;distal;Intergenic;Slc16a3;87;72;40;21;32;27;87.7801748739942;76.0027176673785;51.324932889507;24.5959913070791;24.7206438286807;28.5529501209632;47.9843357077575;0.923649122339163;0.304650455194124;2.12667396365979E-06;0.002610235025458
CONS00000054751;chr17;88671032;88671750;Gtf2a1l;gene_body;intron (NM_023630, intron 2 of 8);Gtf2a1l;73;82;64;25;35;23;73.6546294919721;86.5586506767366;82.1198926232112;29.280942032237;27.0382041876195;24.3228834363761;47.0081328764937;0.937939039507475;0.330309817086353;2.20525004350958E-06;0.002610235025458
CONS00000013890;chr10;95780800;95781654;Gm33543;intergenic;Intergenic;Eea1;108;116;108;37;58;53;108.968492947027;122.448822908554;138.577318801669;43.3357942077108;44.8061669394838;56.0483835707796;81.736973811093;0.951113018314196;0.253637590379283;4.55831239206603E-07;0.00107908549398
CONS00000010078;chr10;24953868;24954501;Arg1;intergenic;Intergenic;Arg1;105;62;72;27;38;32;105.941590365165;65.4467846580203;92.3848792011127;31.623417394816;29.3557645465584;33.8405334766971;44.8529625313412;0.953110428730861;0.292060422110587;1.13217550319388E-06;0.001891898565116
CONS00000056241;chr18;38922229;38922777;Fgf1;gene_body;intron (NM_001033789, intron 3 of 4);Fgf1;68;62;56;24;21;16;68.6097918555357;65.4467846580203;71.8549060453098;28.1097043509475;16.2229225125717;16.9202667383486;39.3477177057039;0.966519339088481;0.364429916918342;1.72489106106197E-06;0.002291682317599
CONS00000025239;chr12;40459520;40460324;Dock4;gene_body;intron (NM_172803, intron 1 of 52);Dock4;135;115;70;45;52;49;136.210616183784;121.393229607618;89.8186325566373;52.7056956580266;40.1710462216062;51.8183168861925;82.9807302576963;0.971023183435296;0.219763137559414;5.17079993037505E-08;0.000244815831704
CONS00000107465;chr8;25906586;25907550;Kcnu1;gene_body;intron (NM_008432, intron 19 of 26);Kcnu1;212;168;112;64;83;87;213.901115784905;177.339674557216;143.70981209062;74.9592116025268;64.1191699306406;92.0039503897703;115.532278285711;0.97604824381667;0.196552287870839;5.16140304523154E-09;3.66556392518537E-05
CONS00000092482;chr5;150262224;150263194;Fry;gene_body;intron (NM_172887, intron 1 of 60);Fry;80;123;111;37;54;51;80.7174021829832;129.837976015105;142.426688768382;43.3357942077108;41.7160864608987;53.933350228486;84.3499935362572;0.977587709656022;0.23713894709007;1.28091643444404E-07;0.000428089807194
CONS00000044470;chr15;99284435;99285081;Fam186b;gene_body;intron (NM_001081254, intron 2 of 7);Fam186b;151;101;103;50;47;58;152.354096620381;106.614923394517;132.161702190481;58.561884064474;36.3084456233748;61.3359669265135;91.3172567031119;0.986452119664255;0.233949607215599;8.67057592595282E-08;0.000353896354606
CONS00000109743;chr8;88628273;88628774;Snx20;gene_body;intron (NM_027840, intron 3 of 3);Snx20;54;60;51;21;22;15;54.4842464735136;63.3355980561487;65.4392894341215;24.5959913070791;16.995442632218;15.8627500672018;32.0318854497948;0.989581713706483;0.334637374409259;1.08558592940978E-06;0.001891898565116
CONS00000019004;chr11;68204343;68205098;Stx8;gene_body;3' UTR (NM_018768, exon 8 of 8);Mir6406;137;135;118;61;76;34;138.228551238359;142.505095626335;151.408552024046;71.4454985586583;58.7115290931167;35.9555668189907;85.8783619794753;0.99530355450864;0.242317737572583;1.10314649155916E-07;0.000402820006777
CONS00000078043;chr3;148918302;148918930;Adgrl2;gene_body;intron (NM_001081298, intron 1 of 23);Adgrl2;111;124;71;40;59;35;111.995395528889;130.893569316041;91.101755878875;46.8495072515792;45.5786870591301;37.0130834901375;77.1915061102626;0.996661195879587;0.238495082267367;8.72049452518826E-08;0.000353896354606
CONS00000082485;chr4;117969638;117970225;St3gal3;gene_body;intron (NM_001285520, intron 5 of 11);Artn;84;65;66;28;34;31;84.7532722921323;68.6135645608278;84.6861392676866;32.7946550761055;26.2656840679733;32.7830168055503;66.6661910783343;0.996895065852615;0.243610646339304;1.13440466574401E-07;0.000402820006777
CONS00000086949;chr5;43728318;43729220;Cc2d2a;gene_body;intron (NM_172274, intron 32 of 39);Fbxl5;134;139;103;35;80;59;135.201648656497;146.727468830078;132.161702190481;40.9933188451318;61.8016095717018;62.3934835976603;87.691642805545;1.02275646767489;0.210390664266917;4.74019961484496E-09;3.66556392518537E-05
CONS00000019003;chr11;68203402;68204097;Stx8;gene_body;exon (NM_018768, exon 8 of 8);Mir6406;157;160;154;55;70;79;158.407901784104;168.89492814973;197.600991624602;64.4180724709214;54.0764083752391;83.543817020596;116.711902600865;1.1224023351461;0.200181410133105;3.17060137120486E-11;4.5034429226251E-07
CONS00000030109;chr13;24546912;24547636;Ripor2;gene_body;Intergenic;Ripor2;220;171;123;52;96;76;221.972856003204;180.506454460024;157.824168635234;60.904359427053;74.1619314860422;80.3712670071557;130.469605468827;1.13146726084513;0.194284470183785;8.29990542258186E-12;1.57186375527996E-07
CONS00000097891;chr6;124900267;124900859;Lag3;intergenic;Intergenic;Lag3;283;198;161;79;107;85;285.537810222303;209.007473585291;206.582854880266;92.527776821869;82.6596528021512;89.8889170474767;139.576216538492;1.18069851741443;0.188136324896239;2.88726233690802E-13;8.20199048357147E-09
CONS00000116981;chr9;103134413;103135016;Rab6b;gene_body;intron (NM_173781, intron 1 of 7);Rab6b;204;130;109;49;47;50;205.829375566607;137.227129121656;139.860442123907;57.3906463831846;36.3084456233748;52.8758335573392;93.4202762073924;1.22632603978002;0.273485087350024;1.86329653356418E-09;1.76438654257415E-05
CONS00000075586;chr3;101883652;101884835;Slc22a15;gene_body;intron (NM_001039371, intron 4 of 11);Slc22a15;139;119;185;51;52;57;140.246486292933;125.615602811362;237.37781461397;59.7331217457635;40.1710462216062;60.2784502553667;90.2049415115244;1.23115081786838;0.252374965357992;3.26721872543559E-10;3.71254063771247E-06
CONS00000081532;chr4;98282164;98282910;Tm2d1;intergenic;Intergenic;Tm2d1;159;144;109;30;40;34;160.425836838679;152.005435334757;139.860442123907;35.1371304386844;30.9008047858509;35.9555668189907;86.7548715190659;1.76126708854163;0.234387317760618;1.10194208850271E-18;6.26068397582816E-14
