p_val;avg_log2FC;pct.1;pct.2;p_val_adj;cluster;gene
0,00000000000000e+00;1.62245894753985;0.22;0.011;0;Naive;Ccr7
0,00000000000000e+00;1.27021709188595;0.133;0.002;0;Naive;Igfbp4
0,00000000000000e+00;1.19327267569529;0.999;0.999;0;Naive;Tpt1
0,00000000000000e+00;1.08386483810852;0.999;0.998;0;Naive;Gm42418
0,00000000000000e+00;1.05078141604968;0.953;0.909;0;Naive;Rpl5
0,00000000000000e+00;0.677021899584006;0.998;0.997;0;Naive;Rpl30
2,86797149302847e-197;1.32620495894506;0.165;0.019;9.25924596524242E-207;Naive;Rgcc
2,19947027640296e-183;0.971472602407827;0.876;0.777;7.10098978736695E-193;Naive;mt-Nd2
2,14908632585470e-150;0.963542361443502;0.103;0.008;6.93832520302188E-159;Naive;Rflnb
1,98273765513913e-146;0.393912401704474;0.999;1;6.40126851961667E-156;Naive;Fau
3,22696276886660e-133;1.51019706832502;0.307;0.102;1.04182492992858E-141;Naive;Arl4c
5,02640383006315e-112;1.53955614723839;0.388;0.183;1.62277447653589E-121;Naive;Lef1
1,32017988654630e-97;0.377718147962432;0.993;0.997;4.26220076371474E-106;Naive;Rpl13a
1,09412872876659e-85;0.32401550422613;0.993;0.998;3.53239460082294E-95;Naive;Rpl34
3,19431330122313e-68;1.17254600957246;0.196;0.066;1.03128404929989E-77;Naive;Chd3
3,15026507676144e-57;0.430318825740174;0.941;0.955;1.01706308003243E-66;Naive;Rpl14
9,58566519684090e-53;1.18316680124448;0.241;0.109;3.09473200880009E-61;Naive;Foxp1
4,28284059550534e-39;1.11588428949086;0.303;0.175;1.3827150862589E-48;Naive;Ccnd2
7,59715599312401e-33;0.803304763113225;0.102;0.031;2.45274181238009E-42;Naive;Dtx1
3,71003554039521e-31;0.622187256349064;0.708;0.74;1.19778497421659E-40;Naive;Rpl22l1
1,32923368778581e-24;1.00357843687652;0.24;0.139;4.29143096101648E-34;Naive;Satb1
2,47883381495753e-15;0.908973914782678;0.212;0.127;8.0029149715904E-25;Naive;Rapgef6
6,69554191246128e-15;0.76987777848669;0.117;0.051;2.16165570643812E-24;Naive;Pik3ip1
6,80982200372119e-07;0.682416655020947;0.136;0.073;2.19855103390139E-16;Naive;Klf3
2,42239314759384e-04;0.703806920569382;0.125;0.069;7.8206962770067E-14;Naive;Rnf167
3,81982695718662e-04;0.699862099308425;0.451;0.449;1.2332311331277E-13;Naive;Npc2
9,92631493077920e-05;0.717666995590224;0.144;0.085;3.20471077540207E-13;Naive;Smad7
6,36054931034065e-02;0.73326537061381;0.168;0.111;2.05350334484348E-11;Naive;Eif4a2
2,32269114737439e+00;0.306099816594392;0.751;0.819;7.49880836929821E-10;Naive;Rpl31
4,41530647054047e+00;0.530223873665264;0.569;0.635;1.42548169401399E-09;Naive;Ddx5
1,04537296116904e+01;0.757330927292142;0.231;0.18;3.37498660513424E-09;Naive;Fam189b
1,73359268302567e+02;0.733658930470519;0.238;0.191;5.59690397714839E-08;Naive;Klk8
2,11052417162461e+02;0.770254673454455;0.191;0.143;6.81382728809006E-08;Naive;Peli1
4,57001666121421e+02;0.655719181366617;0.117;0.073;1.47542987907301E-07;Naive;Fam78a
3,80533527470751e+03;0.679906471368212;0.234;0.189;1.22855249343932E-06;Naive;Ablim1
3,81738052426366e+03;0.69409194884651;0.258;0.221;1.23244130225852E-06;Naive;Rps27rt
7,09123278978518e+03;0.664639525804206;0.253;0.214;2.28940450618214E-06;Naive;4930523C07Rik
8,76319078339433e+03;0.549639673138775;0.101;0.062;2.82919614441886E-06;Naive;Ssh2
4,71316096128612e+04;0.647098117265916;0.157;0.115;1.52164401635123E-05;Naive;Dgka
3,53832984578769e+05;0.473377509097082;0.498;0.531;0.000114234979071;Naive;AY036118
7,10560030967277e+05;0.565619642964685;0.105;0.07;0.000229404305998;Naive;Snhg12
2,91126247810226e+06;0.435176021337892;0.502;0.558;0.000939901091055;Naive;Eef1g
6,29863810298691e+06;0.446278009658407;0.517;0.59;0.002033515311549;Naive;Cox7a2l
6,02984393741460e+06;0.54284252470762;0.18;0.148;0.019467351151943;Naive;Txk
0,00000000000000e+00;1.53694161254066;0.492;0.097;0;TexProg;Slamf6
0,00000000000000e+00;1.16776011021;0.228;0.008;0;TexProg;Id3
7,30864797718340e-225;1.05827684249714;0.163;0.016;2.35959699943366E-233;TexProg;Xcl1
4,60216474187668e-206;0.629553668029201;0.135;0.011;1.48580888691489E-215;TexProg;Tnfsf8
6,05511052845638e-206;1.15502443918703;0.452;0.15;1.95489243411214E-215;TexProg;2310001H17Rik
1,00247799925856e-202;0.347528095409141;1;1;3.23650022060625E-212;TexProg;Rpl32
5,62165260422744e-180;0.892236582469468;0.865;0.589;1.81495054327483E-189;TexProg;Gas5
3,60587982697856e-157;0.806572715603183;0.227;0.048;1.16415830214003E-166;TexProg;Crtam
1,06644120498742e-150;0.929854225880961;0.619;0.302;3.44300543030187E-160;TexProg;Emb
2,70066165321916e-144;0.824172945599752;0.222;0.05;8.71908614741806E-154;TexProg;Ikzf2
9,99453097499810e-117;0.640625904092842;0.12;0.018;3.22673432527814E-125;TexProg;Cldn10
1,84566829972066e-103;0.29498936457221;0.999;0.996;5.95874010564816E-113;TexProg;Rpl41
1,10240459923909e-99;0.55080247725758;0.163;0.036;3.55911324864342E-109;TexProg;Ifnar2
2,29369801611023e-97;0.297604555551898;0.999;0.997;7.40520404501188E-107;TexProg;mt-Atp6
1,66071417765582e-95;0.566155266572443;0.182;0.046;5.36161572256181E-105;TexProg;Asap1
1,79692855406979e-93;0.32849913546503;0.998;0.996;5.80138383681432E-103;TexProg;mt-Co1
1,78611979971333e-82;0.521713058489475;0.142;0.033;5.76648777337449E-92;TexProg;1810041H14Rik
3,46453226129196e-82;0.645964069024435;0.186;0.053;1.11852424055811E-91;TexProg;Ms4a4c
4,52832210940640e-76;0.473337898843387;0.109;0.021;1.46196879302186E-84;TexProg;H2-Oa
4,30176746472654e-72;0.611176502280772;0.191;0.061;1.38882562598696E-81;TexProg;Adk
1,12397575521478e-71;0.636921855123968;0.3;0.123;3.62875572571092E-81;TexProg;Pou2f2
4,90813646835279e-67;0.668653325419747;0.409;0.204;1.5845918588077E-76;TexProg;Itgb1
6,48577612102581e-65;0.598821966588602;0.294;0.126;2.09393282067318E-74;TexProg;1110038B12Rik
1,60411362817411e-62;0.730721724678149;0.422;0.228;5.17888084856011E-72;TexProg;Batf
4,40394898974673e-57;0.527219038297442;0.235;0.093;1.42181493133973E-66;TexProg;Bzw2
4,06250020872912e-53;0.553286917254085;0.196;0.072;1.3115781923882E-62;TexProg;Dleu2
4,29829629729080e-53;0.506883740120717;0.251;0.105;1.38770495958034E-61;TexProg;Traf1
4,85624199034117e-50;0.59116259702467;0.198;0.075;1.56783772658165E-59;TexProg;Gpr183
1,29866727732524e-49;0.293697322860381;0.988;0.974;4.19274730484454E-59;TexProg;Rps2
3,76517209532648e-48;0.565455010546595;0.392;0.211;1.21558581097615E-57;TexProg;Zfas1
1,15612382747005e-47;0.386275535803916;0.12;0.034;3.73254577698706E-57;TexProg;Pacsin1
2,67333281445574e-43;0.604906099264091;0.466;0.278;8.63085499147036E-53;TexProg;Junb
6,09338461916882e-39;0.454000996961902;0.268;0.128;1.96724922429866E-48;TexProg;Lamp1
5,29471736453761e-36;0.44178770539893;0.243;0.114;1.70939950114097E-45;TexProg;Fam162a
3,18940744284126e-35;0.389524091286716;0.155;0.059;1.0297001929213E-44;TexProg;Mrps6
6,69145085778810e-36;0.45459329814375;0.292;0.15;2.16033490943689E-44;TexProg;Tnfaip8
8,01534410563728e-35;0.431372015417212;0.214;0.095;2.587753844505E-44;TexProg;Map4k4
1,84296931046958e-34;0.443410615651605;0.199;0.087;5.95002641885104E-44;TexProg;Sdhaf1
5,33127856677485e-34;0.499008387535514;0.405;0.238;1.72120328528326E-43;TexProg;Fyn
2,73683609555575e-32;0.279186823257723;0.104;0.032;8.83587533450172E-42;TexProg;Sesn3
2,18375216146505e-31;0.500820808420253;0.304;0.165;7.05024385328992E-41;TexProg;Ubac2
2,42853185934789e-31;0.445165107825157;0.169;0.07;7.84051510790467E-41;TexProg;Kcnq1ot1
3,30401297242803e-31;0.42405701774688;0.172;0.072;1.06670058814839E-40;TexProg;Farsb
4,00798212163712e-30;0.379331725090167;0.206;0.093;1.29397702797054E-39;TexProg;Utrn
6,75866837667354e-30;0.469438874603418;0.102;0.032;2.18203608540905E-39;TexProg;Fos
1,04551913007375e-29;0.29011083628287;0.963;0.895;3.37545851144309E-39;TexProg;Rpl29
2,99890412197855e-29;0.379830801330056;0.201;0.091;9.68196195780774E-39;TexProg;Cd9
9,64363859953905e-29;0.408597306657665;0.369;0.215;3.11344872186118E-38;TexProg;Snhg8
2,88228455008152e-28;0.412943591104465;0.213;0.101;9.30545566993817E-38;TexProg;Ddit4
2,31255195480469e-27;0.409270036110364;0.102;0.034;7.46607398608693E-37;TexProg;Fosb
9,23276402536270e-28;0.314305048266934;0.126;0.047;2.98079786558835E-36;TexProg;Ehd3
1,99839709639591e-26;0.335584563697333;0.12;0.044;6.45182502571419E-36;TexProg;Pecam1
1,75634354561039e-25;0.32579805741445;0.102;0.035;5.67035513700315E-35;TexProg;Aim2
1,32825882115469e-24;0.343562312782157;0.152;0.064;4.2882836040979E-34;TexProg;Psen2
1,49666818565229e-24;0.341575146713566;0.182;0.083;4.83199323737843E-34;TexProg;Gpr18
2,70506390350943e-24;0.36567737457852;0.18;0.082;8.73329881248019E-34;TexProg;Nfkb1
1,82101070280179e-23;0.405633382054268;0.462;0.299;5.87913305399559E-33;TexProg;Pnrc1
4,87938764659362e-23;0.379716909424522;0.536;0.37;1.57531030170275E-32;TexProg;Mrpl52
8,25206618507164e-22;0.361692609922941;0.259;0.14;2.66417956785038E-31;TexProg;Sat1
2,92881960578780e-22;0.390098572418673;0.327;0.193;9.45569409728592E-31;TexProg;Cd28
6,27562201760369e-21;0.388474339182812;0.148;0.065;2.02608456838335E-30;TexProg;Rnf213
2,00091190613577e-20;0.410840465114753;0.255;0.142;6.45994408895932E-30;TexProg;Slc38a1
2,41853783907516e-20;0.395571033768207;0.26;0.142;7.80824941345416E-30;TexProg;Cd69
1,46470152689844e-19;0.312460964156175;0.113;0.044;4.72878887959162E-29;TexProg;Hgsnat
1,65092655141554e-18;0.311259114765445;0.142;0.063;5.33001637124508E-28;TexProg;Tspan3
4,57566969631340e-18;0.294353716328407;0.119;0.05;1.47725496145478E-26;TexProg;Irf2bp2
2,98299513313948e-16;0.268175749170466;0.112;0.046;9.63059978734082E-26;TexProg;Kbtbd11
6,24586231649151e-16;0.392868743285511;0.425;0.29;2.01647664887928E-25;TexProg;Celf2
8,37584112288526e-16;0.356097621571067;0.244;0.138;2.70414030652351E-25;TexProg;Serp1
1,08553195094952e-15;0.32235087798865;0.151;0.072;3.50463990364054E-25;TexProg;Ctsz
1,13818744340111e-15;0.293751010519614;0.107;0.044;3.67463816102049E-25;TexProg;Camk2d
1,27899340422262e-14;0.318781228297423;0.598;0.437;4.12923020553273E-24;TexProg;Gm10076
2,63161108167597e-14;0.274773791883524;0.115;0.049;8.49615637719088E-24;TexProg;Arid5a
3,36046053928546e-14;0.292135288273491;0.1;0.04;1.08492468510831E-23;TexProg;Socs1
5,22515483817694e-14;0.466199002828847;0.223;0.126;1.68694123950542E-23;TexProg;Isg15
1,12029540107817e-13;0.339231330215471;0.479;0.334;3.61687370238086E-23;TexProg;Cd27
3,18867653084098e-13;0.317983928700035;0.396;0.262;1.02946421798201E-22;TexProg;Anp32a
6,89905591632406e-12;0.291163693896629;0.102;0.043;2.22736020258522E-21;TexProg;Siah2
3,23653505084454e-11;0.250495152918128;0.169;0.088;1.04491534116516E-20;TexProg;Il16
5,06705761916174e-10;0.320613144843975;0.267;0.166;1.63589955234637E-19;TexProg;Cnot6l
6,54629905118442e-10;0.262543389701007;0.106;0.048;2.11347264867489E-19;TexProg;Arl14ep
1,30381375886268e-09;0.272317320417879;0.112;0.052;4.20936272048816E-19;TexProg;Wdr12
1,73093333003055e-09;0.258268724675733;0.218;0.126;5.58831825600362E-19;TexProg;Irf7
7,77292999524679e-09;0.266075499021702;0.225;0.133;2.50949044896543E-18;TexProg;Mgst2
1,58920860263739e-08;0.291768783238124;0.314;0.206;5.13075997361483E-18;TexProg;Pgam1
3,82316391474731e-08;0.275713347879577;0.271;0.17;1.23430846987617E-17;TexProg;Ankrd12
3,98656618943406e-08;0.285150426377618;0.128;0.064;1.28706289425879E-17;TexProg;AC149090.1
7,58717951948760e-09;0.277836998954454;0.452;0.327;2.44952090786657E-17;TexProg;Sh2d1a
2,07216295053928e-07;0.267031644847299;0.416;0.293;6.68997808581608E-17;TexProg;Prrc2c
3,85663047370305e-07;0.258340382290895;0.506;0.367;1.24511314843503E-16;TexProg;Jak1
6,47667248936609e-07;0.280114578981027;0.442;0.318;2.09099371319184E-16;TexProg;Ptp4a2
8,92939379794187e-07;0.250827873852843;0.199;0.117;2.88285478766553E-16;TexProg;Abhd8
1,02240705285420e-07;0.274397466562165;0.128;0.066;3.30084117013979E-16;TexProg;Eml4
1,89983210476502e-06;0.328970931198517;0.477;0.353;6.13360795023386E-16;TexProg;Zfp36l2
5,53210318595383e-06;0.291529767267423;0.153;0.085;1.78603951358519E-15;TexProg;Zfpm1
5,61563665826398e-06;0.298056198598542;0.171;0.098;1.81300829512052E-15;TexProg;H2-Q4
2,04871073604564e-05;0.265956631704884;0.397;0.284;6.61426261132333E-15;TexProg;Gdi2
3,00559730310633e-05;0.341846558937905;0.103;0.051;9.70357089307878E-15;TexProg;Isg20
5,19499575703849e-05;0.25273638106732;0.16;0.091;1.67720438015988E-14;TexProg;Ptpn11
1,53375574998991e-04;0.312392602673139;0.371;0.264;4.95173043884243E-14;TexProg;Bst2
2,41297974701610e-05;0.255964072163229;0.454;0.335;7.79030511324149E-14;TexProg;Ddx24
8,19158681179312e-03;0.293083140227356;0.102;0.052;2.64465380218741E-12;TexProg;Dusp1
4,26972345266845e+01;0.257622228918144;0.185;0.123;1.37848021669401E-08;TexProg;Icos
0,00000000000000e+00;4.38927548294678;0.998;0.086;0;TexProl;Hist1h1b
0,00000000000000e+00;2.83310112761827;0.941;0.163;0;TexProl;Hist1h4d
0,00000000000000e+00;2.61488198710964;0.968;0.29;0;TexProl;Hist1h1e
0,00000000000000e+00;2.5685442275002;0.835;0.028;0;TexProl;Hist1h2ae
0,00000000000000e+00;2.45810385011173;0.912;0.127;0;TexProl;Pclaf
0,00000000000000e+00;2.33367588164098;0.844;0.076;0;TexProl;Top2a
0,00000000000000e+00;2.28197118357934;0.777;0.021;0;TexProl;Hist1h2ap
0,00000000000000e+00;2.16465371678092;0.916;0.179;0;TexProl;Tuba1b
0,00000000000000e+00;2.09634997382237;0.718;0.045;0;TexProl;Hist2h2ac
0,00000000000000e+00;1.90939788293501;0.666;0.031;0;TexProl;Hist1h1d
0,00000000000000e+00;1.87736093206868;0.704;0.085;0;TexProl;H2afx
0,00000000000000e+00;1.86802776121735;0.643;0.041;0;TexProl;Rrm2
0,00000000000000e+00;1.85201375497257;0.63;0.023;0;TexProl;Hist1h3c
0,00000000000000e+00;1.74214069140505;0.707;0.088;0;TexProl;Mki67
0,00000000000000e+00;1.63230111608123;0.558;0.022;0;TexProl;Nusap1
0,00000000000000e+00;1.57159524652613;0.553;0.041;0;TexProl;Cdk1
0,00000000000000e+00;1.52260856664558;0.537;0.028;0;TexProl;Hist1h3e
0,00000000000000e+00;1.47140298770938;0.53;0.038;0;TexProl;Prc1
0,00000000000000e+00;1.43757026104995;0.637;0.086;0;TexProl;Smc2
0,00000000000000e+00;1.42768929119981;0.472;0.016;0;TexProl;Hist2h2bb
0,00000000000000e+00;1.37781072101218;0.46;0.014;0;TexProl;Hist1h1a
0,00000000000000e+00;1.37318232383735;0.481;0.007;0;TexProl;Hist1h2ab
0,00000000000000e+00;1.37182968299971;0.512;0.031;0;TexProl;Hist1h2bj
0,00000000000000e+00;1.34063562218754;0.485;0.022;0;TexProl;Fbxo5
0,00000000000000e+00;1.24456522959144;0.485;0.04;0;TexProl;Clspn
0,00000000000000e+00;1.22258450923826;0.499;0.049;0;TexProl;Asf1b
0,00000000000000e+00;1.21129631469705;0.393;0.009;0;TexProl;Esco2
0,00000000000000e+00;1.17989970848811;0.454;0.038;0;TexProl;Ccna2
0,00000000000000e+00;1.15393291436374;0.409;0.022;0;TexProl;Aurkb
0,00000000000000e+00;1.06884348455366;0.359;0.017;0;TexProl;Kif11
0,00000000000000e+00;1.05073429734338;0.321;0.013;0;TexProl;Mxd3
0,00000000000000e+00;1.00900822218926;0.381;0.011;0;TexProl;Hist1h2bm
0,00000000000000e+00;0.963368126948619;0.287;0.005;0;TexProl;Hist1h2af
0,00000000000000e+00;0.946892147913247;0.318;0.009;0;TexProl;Hist1h2ak
0,00000000000000e+00;0.914797745076355;0.318;0.014;0;TexProl;Spc25
0,00000000000000e+00;0.782049987081051;0.269;0.013;0;TexProl;Sgo1
0,00000000000000e+00;0.753253284907045;0.278;0.01;0;TexProl;Hist1h3i
0,00000000000000e+00;0.716031190416045;0.262;0.012;0;TexProl;Hist1h4h
0,00000000000000e+00;0.642145405478118;0.212;0.006;0;TexProl;Hist1h3f
0,00000000000000e+00;0.620536410204952;0.205;0.007;0;TexProl;Ccnf
0,00000000000000e+00;0.533807925775922;0.169;0.003;0;TexProl;Hist1h2bn
1,78737677338384e-277;1.40086218464605;0.603;0.082;5.77054591286971E-287;TexProl;Lig1
2,30982504981896e-277;0.528248337188947;0.174;0.005;7.4572701733405E-287;TexProl;Hist1h2bb
5,60823404635136e-274;0.940906460902088;0.332;0.024;1.81061836186454E-283;TexProl;Kif15
6,10719762268935e-272;0.518652393088527;0.156;0.004;1.97170875248526E-281;TexProl;Hist2h2aa1
1,13786281180725e-260;0.680820506683484;0.23;0.011;3.67359008791971E-270;TexProl;Cdca5
7,75582552405637e-258;1.34830792387388;0.585;0.082;2.5039682704416E-267;TexProl;Tyms
1,43150846878697e-248;1.27472662250333;0.553;0.075;4.62162509147875E-258;TexProl;Spc24
5,77981146096691e-248;0.826882720067707;0.314;0.023;1.86601213017317E-257;TexProl;Knl1
1,16130953101726e-243;0.708122674786576;0.251;0.014;3.74928782088922E-253;TexProl;Shcbp1
1,63557456470317e-235;0.663196476638593;0.228;0.012;5.28045248214417E-245;TexProl;Cdca2
1,22133867881081e-233;1.13289519108425;0.494;0.063;3.94309192454069E-243;TexProl;Tk1
1,45975753491826e-232;0.636732349942869;0.228;0.012;4.7128272014836E-242;TexProl;Sgo2a
1,77997082305750e-233;0.725800292073659;0.266;0.017;5.74663580224115E-242;TexProl;Ncaph
1,08692792135478e-230;1.08602700123844;0.479;0.06;3.50914679409392E-240;TexProl;Rrm1
1,37903063192380e-230;0.623768202443507;0.208;0.01;4.45220039516598E-239;TexProl;E2f8
6,91216773296834e-229;1.47887088515065;0.677;0.123;2.23159335258883E-238;TexProl;Tmpo
5,30361689304352e-226;1.27084114823036;0.56;0.083;1.7122727139191E-235;TexProl;Cdca8
4,05494070235336e-223;0.796610537930407;0.296;0.023;1.30913760575478E-232;TexProl;Rad51
1,11595948654348e-222;1.01472607384904;0.422;0.048;3.60287520230564E-232;TexProl;Incenp
2,19192064874021e-222;0.862427067328396;0.336;0.03;7.07661581445776E-232;TexProl;Kif22
8,20281510782079e-221;0.662082091796738;0.246;0.015;2.64827885755994E-230;TexProl;Ckap2l
8,92124710325910e-222;0.483896095787664;0.153;0.005;2.8802246272872E-230;TexProl;Pbk
2,69798776374760e-217;0.823129108418742;0.332;0.03;8.71045349525914E-226;TexProl;Kif23
1,40180721009603e-214;0.777328629820753;0.262;0.019;4.52573457779504E-224;TexProl;Rad51ap1
2,51210255822718e-211;0.728584097836645;0.257;0.018;8.11032310923646E-221;TexProl;Hist1h2be
6,43835108174744e-204;0.563312604300998;0.201;0.011;2.07862164674216E-213;TexProl;Mis18bp1
4,48506180042685e-202;0.860959104959943;0.341;0.034;1.44800220226781E-211;TexProl;Ndc80
6,08102869208903e-199;1.85523928644662;0.964;0.393;1.96326011324094E-208;TexProl;Tubb5
2,50339212725135e-194;1.20166156586534;0.379;0.044;8.08220148283099E-204;TexProl;Cenpf
1,07502854937844e-186;0.765337343473092;0.242;0.018;3.47072967166829E-196;TexProl;Ncapg
7,65411139858948e-184;1.2330173886946;0.607;0.111;2.47112986503461E-193;TexProl;Hist1h1c
7,45729570931253e-183;1.09194910290838;0.555;0.096;2.40758791975155E-192;TexProl;Ezh2
5,40889772815465e-181;0.3658197082431;0.122;0.004;1.74626263153473E-190;TexProl;Hist1h2an
1,90774340856935e-178;0.562587508364687;0.233;0.017;6.15914959456616E-188;TexProl;Ska1
2,75424272048589e-175;0.753439569235833;0.26;0.022;8.89207262308868E-185;TexProl;Ncapg2
1,14048632612288e-174;1.03053482441451;0.497;0.08;3.6820601038877E-184;TexProl;Ccdc34
1,91354514549367e-173;0.491058416586808;0.16;0.008;6.17788050222632E-183;TexProl;Foxm1
2,20964673138389e-169;1.38565191663736;0.745;0.184;7.13384447227288E-179;TexProl;Pcna
2,01618972971633e-168;0.981690203403222;0.465;0.073;6.50926854238917E-178;TexProl;Rfc4
7,20377250884611e-168;0.64680893676385;0.239;0.02;2.32573795448097E-177;TexProl;Plk1
2,62589853388919e-166;0.855209363325007;0.332;0.039;8.47771341666124E-176;TexProl;Uhrf1
3,84839559016211e-160;0.409551404801864;0.131;0.005;1.24245451628384E-169;TexProl;E2f7
6,02320047791499e-160;0.936325707346547;0.33;0.04;1.94459027429485E-169;TexProl;Tpx2
1,00462566966231e-158;1.39617884879871;0.79;0.221;3.24343397450477E-168;TexProl;Ube2s
7,60533557721865e-157;0.611810771995543;0.208;0.016;2.45538259110504E-166;TexProl;Tcf19
2,43037024489962e-156;0.315642313997901;0.108;0.003;7.84645033565844E-166;TexProl;Hist1h2bh
9,62659190691068e-148;0.896275785506428;0.332;0.043;3.10794519714611E-157;TexProl;Tacc3
6,98628796886552e-147;0.440899325635043;0.158;0.009;2.25552307074823E-156;TexProl;Nuf2
5,96291752240040e-145;0.420824455810565;0.16;0.01;1.92512792210697E-153;TexProl;Aurka
9,52404555407780e-145;0.344366259694289;0.126;0.006;3.07483810713402E-153;TexProl;Lrr1
2,81164367421568e-142;0.594729325891276;0.246;0.024;9.07739160220531E-152;TexProl;Bub1b
5,23983558879164e-141;0.712224521157108;0.3;0.037;1.69168091984138E-150;TexProl;Cenpk
7,87163886289189e-136;0.392037330293345;0.129;0.006;2.54135860688465E-145;TexProl;Oip5
2,29705761018310e-135;0.94175311150323;0.501;0.098;7.41605049447615E-144;TexProl;Mcm7
6,00888193445207e-133;0.791415958424656;0.293;0.037;1.93996753253785E-142;TexProl;Cenpe
1,02681405792599e-132;0.670955001146903;0.269;0.031;3.31506918601405E-142;TexProl;Cenph
2,89074980571378e-129;0.592653273708503;0.251;0.027;9.33278574774695E-139;TexProl;Hmmr
5,38481889237730e-127;0.903199299482924;0.506;0.103;1.73848877940401E-135;TexProl;Dnmt1
1,32972138553501e-125;0.408409051296059;0.122;0.006;4.29300549319979E-135;TexProl;Stil
5,49322509827194e-125;0.455844312130873;0.158;0.011;1.7734877229771E-134;TexProl;Brca1
6,67618711527525e-124;0.442330919976327;0.156;0.011;2.15540701016662E-133;TexProl;Neil3
8,86003680918951e-122;0.346161837542604;0.111;0.005;2.86046288384683E-131;TexProl;Ttk
1,79451359857889e-119;0.489160039806141;0.183;0.016;5.79358715301195E-129;TexProl;Cenpl
1,29380022949611e-118;0.774860572972567;0.316;0.046;4.17703404092819E-128;TexProl;Ncapd3
1,40365940219414e-118;1.23541509952893;0.856;0.302;4.53171437998379E-128;TexProl;Dek
4,12409854446753e-118;1.03954710188098;0.745;0.215;1.33146521508134E-127;TexProl;Smc4
6,07791094012851e-115;0.310569646641599;0.102;0.004;1.96225354702049E-124;TexProl;Anln
3,77434408888676e-114;0.548453883254308;0.19;0.018;1.21854698909709E-123;TexProl;Cdkn2c
1,04610832879347e-113;0.587120721175961;0.23;0.026;3.37736073950971E-123;TexProl;Cit
4,83379354460394e-112;0.479690351987608;0.181;0.016;1.56059024587538E-121;TexProl;Kif4
8,28311977303682e-111;1.06662958595591;0.716;0.21;2.67420521872494E-120;TexProl;Anp32e
1,52709603958071e-109;0.837821882662459;0.503;0.112;4.93022956378632E-119;TexProl;Cmc2
7,31682699559718e-108;0.68777812515019;0.341;0.057;2.36223759552855E-117;TexProl;Mad2l1
4,72082157766736e-107;0.576212014252393;0.235;0.028;1.52411724634991E-116;TexProl;Plk4
9,91424287949304e-106;0.649115792254453;0.309;0.048;3.20081331364433E-115;TexProl;Cenpm
1,38471276326220e-106;0.490618966565407;0.194;0.02;4.470545156192E-115;TexProl;Cdc45
1,42545511677257e-105;0.407473973840705;0.144;0.011;4.60208184450025E-115;TexProl;Kif2c
1,52676083150058e-104;0.697526302461815;0.343;0.059;4.92914734449962E-114;TexProl;Cbx5
6,74974283647928e-104;0.700948066726521;0.368;0.066;2.17915447475733E-113;TexProl;Atad2
6,95986452838578e-104;0.745137439016849;0.395;0.076;2.24699226298935E-113;TexProl;Rfc3
1,00679877339609e-102;0.49761303598101;0.208;0.023;3.25044983990928E-112;TexProl;Syce2
5,75178136657802e-102;0.385518870909962;0.135;0.01;1.85696261419971E-111;TexProl;Bub1
9,48190385437638e-101;0.751494847665766;0.384;0.074;3.06123265938542E-110;TexProl;Fen1
3,16758558958832e-100;0.65051117129328;0.298;0.047;1.02265500759859E-109;TexProl;Dhfr
3,71677204454115e-98;0.521225832430223;0.217;0.026;1.19995985458011E-107;TexProl;Kif20b
1,34909844883751e-97;0.727602565456699;0.345;0.062;4.35556434207192E-107;TexProl;Nsd2
3,97404467105854e-97;0.46367425959075;0.172;0.017;1.28302032205125E-106;TexProl;Mybl2
2,87074271936356e-96;0.772316755555015;0.479;0.109;9.26819286946525E-106;TexProl;Racgap1
5,30108069602383e-96;0.502297503094482;0.214;0.026;1.71145390271129E-105;TexProl;Cenps
1,05691309830429e-95;0.666497178101921;0.363;0.069;3.41224393787541E-105;TexProl;Orc6
1,51801065716928e-94;0.710243636569954;0.3;0.05;4.90089740667103E-104;TexProl;Ccne1
3,08542054851926e-94;0.302523496503168;0.117;0.008;9.96128024089443E-104;TexProl;Spdl1
7,77505330181310e-95;0.682286571692415;0.312;0.054;2.51017595849036E-103;TexProl;Prim1
8,46097854736609e-92;0.856962223610863;0.553;0.145;2.73162692401714E-101;TexProl;Slbp
1,12016441789530e-92;0.284026831400081;0.106;0.006;3.61645082317499E-101;TexProl;Arhgap19
7,51362891766002e-91;0.477059002376047;0.19;0.021;2.42577509606654E-100;TexProl;Ube2t
3,09197727313561e-90;0.361866807224081;0.117;0.008;9.98244862631832E-100;TexProl;Spag5
5,93250537424044e-88;0.428281063726532;0.163;0.016;1.91530936007353E-97;TexProl;Cep55
1,97968222781536e-87;0.49924674554895;0.176;0.019;6.3914040725019E-97;TexProl;4930579G24Rik
3,40579444728796e-87;0.758558686245386;0.325;0.061;1.09956073730692E-96;TexProl;Hjurp
8,60962595883819e-87;0.320058256755777;0.115;0.008;2.77961774081091E-96;TexProl;Hist1h2ac
6,12248090686952e-84;0.756295336365596;0.422;0.097;1.97664296078282E-93;TexProl;Tipin
5,31036935919263e-83;0.322002038765954;0.122;0.009;1.71445274761534E-92;TexProl;Mastl
7,09101030456900e-85;0.409269207579925;0.172;0.019;2.2893326768301E-92;TexProl;Arhgap11a
8,49557788402328e-83;0.469854236063932;0.212;0.029;2.74279731985692E-92;TexProl;Psmc3ip
2,06416309570381e-82;0.463603117692535;0.163;0.017;6.66415055447976E-92;TexProl;Trip13
2,85067936429495e-82;0.323794073018052;0.115;0.008;9.20341832762626E-92;TexProl;Kifc1
1,29805513631157e-81;0.62864540477669;0.436;0.102;4.1907710075819E-91;TexProl;Rad21
1,64974483618716e-81;0.521204809390106;0.205;0.027;5.32620120363024E-91;TexProl;Ncapd2
1,33437035154963e-80;0.621557875117418;0.348;0.07;4.30801467997799E-90;TexProl;Lockd
7,74547629104195e-80;0.625871999720782;0.395;0.088;2.50062702056289E-89;TexProl;Csrp1
4,26507738698388e-79;0.388301081512436;0.147;0.015;1.37698023438775E-88;TexProl;Depdc1a
5,96212648002390e-80;0.289712948611764;0.104;0.007;1.92487253407572E-88;TexProl;Cdc25c
1,65283609521679e-78;0.676171683572388;0.402;0.092;5.33618133340742E-88;TexProl;Topbp1
2,05723878726610e-79;0.402302962875927;0.149;0.015;6.64179542468862E-88;TexProl;Aspm
7,30591873772219e-78;0.559764323345636;0.305;0.058;2.35871586447361E-87;TexProl;Rfc5
1,24647604708410e-77;0.779341520108771;0.598;0.181;4.02424791801101E-86;TexProl;Dnajc9
1,74069371123292e-76;0.721139226272867;0.393;0.091;5.61982964671548E-86;TexProl;Usp1
4,10349565222766e-76;0.578443093583057;0.275;0.049;1.3248135713217E-85;TexProl;Haus4
6,67247458819869e-75;0.575542689509453;0.336;0.07;2.15420842079995E-84;TexProl;Tfdp1
1,61872259328865e-74;0.876733600575285;0.754;0.276;5.22604589243241E-84;TexProl;Srsf2
6,50222908136399e-74;0.494295014164219;0.248;0.041;2.09924465891836E-83;TexProl;Ckap5
1,14828097675936e-72;0.644509672466617;0.476;0.126;3.70722513346758E-82;TexProl;Rfc2
1,39039150279263e-72;0.452971516449574;0.203;0.029;4.48887896676602E-82;TexProl;Pold1
1,71151561770148e-72;0.499504069698648;0.212;0.032;5.52562817174923E-82;TexProl;Dlgap5
4,21477647337822e-70;0.353132100872672;0.129;0.012;1.36074058443016E-79;TexProl;Sapcd2
1,20823559734609e-69;0.618640748404672;0.312;0.064;3.90078862603187E-79;TexProl;Dbf4
8,74324760005004e-69;0.588238384719628;0.368;0.085;2.82275748767616E-78;TexProl;Nxt1
2,36322389595350e-69;0.315609863237057;0.122;0.011;7.62966834808587E-78;TexProl;Cenpn
3,92543714956789e-66;0.373671811038692;0.16;0.02;1.26732738373799E-75;TexProl;Poc1a
6,19359319103447e-66;0.320140023812156;0.12;0.011;1.99960156172548E-75;TexProl;Samd1
7,51621347132359e-66;0.68238744932423;0.519;0.152;2.42660951921682E-75;TexProl;Ssrp1
4,22469333416771e-65;0.42341375330612;0.147;0.017;1.36394224293604E-74;TexProl;Diaph3
7,57038937165074e-65;0.425189518853636;0.208;0.033;2.44410020863744E-74;TexProl;Wdr76
8,76237440067253e-65;0.753876045570945;0.537;0.165;2.82893257525713E-74;TexProl;Smc1a
4,77456843817836e-63;0.430310970366814;0.149;0.018;1.54146942026588E-72;TexProl;Hist1h3a
5,92548359000926e-63;0.375786891462886;0.158;0.02;1.91304237703449E-72;TexProl;Fignl1
1,28752749461420e-63;0.617527445438974;0.395;0.101;4.15678251636194E-72;TexProl;Suz12
1,57684423796956e-62;0.313421514171757;0.113;0.011;5.09084162228474E-72;TexProl;Mcm10
1,96965529941474e-62;0.512932823399789;0.239;0.044;6.3590321341605E-72;TexProl;Tubg1
4,14305730266809e-62;0.586705389258592;0.334;0.077;1.33758605016639E-71;TexProl;Pmf1
6,28290162686841e-62;0.422530801155474;0.158;0.021;2.02843479023447E-71;TexProl;Atad5
1,33901032147054e-61;0.345330022483355;0.133;0.015;4.32299482286764E-71;TexProl;Hist1h4c
5,07457524027503e-61;0.436624259956562;0.174;0.025;1.63832661632279E-70;TexProl;Pola1
6,98498264781066e-61;0.595304179820388;0.307;0.068;2.25510164784567E-70;TexProl;Nrm
5,77624041630485e-60;0.529699810920087;0.363;0.089;1.86485921840402E-69;TexProl;Tceal9
9,51099658716801e-60;0.522727357819922;0.357;0.087;3.07062524816719E-69;TexProl;Fxn
1,05285434677705e-59;0.404546328624168;0.163;0.022;3.39914025856972E-69;TexProl;Cenpp
1,51395576413655e-59;0.677128996093661;0.56;0.179;4.88780618451485E-69;TexProl;Rbbp4
4,02573850827457e-59;0.526409034844169;0.223;0.04;1.29970967739645E-68;TexProl;Ccnb1
7,51152916506491e-59;0.648135811835636;0.499;0.151;2.42509719094121E-68;TexProl;Smc3
1,14093443036758e-58;0.520418654051598;0.208;0.036;3.68350680844173E-68;TexProl;Dtl
6,92869115261006e-58;0.351339081719857;0.135;0.016;2.23692793862016E-67;TexProl;Brca2
1,99050613471807e-57;0.499674775375154;0.33;0.078;6.4263490559373E-67;TexProl;Ncaph2
6,92651429423068e-57;0.46550718545669;0.219;0.039;2.23622513989237E-66;TexProl;Dck
1,23116278636472e-56;0.547479154026301;0.266;0.056;3.97480905577849E-66;TexProl;Nelfe
2,22464340463357e-56;0.473737363849516;0.269;0.056;7.18226123185947E-66;TexProl;Pold2
2,64663256190073e-56;0.393218224920062;0.169;0.025;8.5446532260965E-66;TexProl;Chaf1a
6,83616215324632e-56;0.36306074673252;0.151;0.02;2.20705495117557E-65;TexProl;Pole
2,24004395109414e-55;0.340909160753724;0.133;0.016;7.23198189610744E-65;TexProl;Ttf2
3,37652703931698e-55;0.547181578242783;0.411;0.114;1.09011175464349E-64;TexProl;Ppil1
1,03974084714499e-54;0.352772043152175;0.147;0.019;3.35680332500761E-64;TexProl;Prim2
1,52732537748628e-54;0.595288265326022;0.397;0.11;4.93096998121446E-64;TexProl;Rpa3
3,49998437760179e-54;0.290039965388003;0.126;0.015;1.12996995630874E-63;TexProl;Lin9
3,99820127104289e-54;0.624363674101223;0.535;0.175;1.2908192803562E-63;TexProl;Smc6
4,07751459779740e-55;0.588891807751376;0.42;0.12;1.31642558789889E-63;TexProl;Lsm2
7,76903774562424e-54;0.289973972679239;0.102;0.01;2.50823383617479E-63;TexProl;Kif18a
8,54172854057698e-54;0.29507638004392;0.131;0.016;2.75769705932528E-63;TexProl;Cdc7
2,24756556587780e-54;0.406512091149573;0.174;0.027;7.25626542943648E-63;TexProl;Rcc1
2,95529034375358e-53;0.53585022855822;0.449;0.132;9.54115487480843E-63;TexProl;Psip1
3,23934310467829e-53;0.384706990045251;0.187;0.031;1.04582192134539E-62;TexProl;Nup85
4,88269194927461e-53;0.80989847433946;0.912;0.491;1.57637709582331E-62;TexProl;Srsf3
7,61121389617047e-53;0.653474351517208;0.544;0.182;2.45728040637864E-62;TexProl;Bub3
1,25712843527348e-52;0.368059990047417;0.12;0.014;4.05863915328042E-62;TexProl;Brip1
1,77195277704837e-52;0.328191075272138;0.14;0.018;5.72074954070067E-62;TexProl;Sass6
3,47421647499203e-52;0.455928778839069;0.255;0.054;1.12165078895118E-61;TexProl;Eri1
1,32295440601656e-51;0.334414927764477;0.126;0.015;4.27115829982447E-61;TexProl;Kif20a
3,04572801651431e-51;0.376959015819962;0.124;0.015;9.83313290131645E-61;TexProl;Blm
5,47862153853964e-50;0.522211787861379;0.404;0.115;1.76877296371752E-59;TexProl;Kmt5a
5,95732792654593e-50;0.37726319534093;0.169;0.027;1.92332332108535E-59;TexProl;Rbl1
5,83191687205040e-50;0.385921540113816;0.226;0.045;1.88283436214147E-58;TexProl;Cdca4
7,37307389406930e-50;0.293345041703894;0.12;0.014;2.38039690670027E-58;TexProl;Slc43a3
2,32119636663928e-48;0.498474130069179;0.336;0.088;7.49398246969491E-58;TexProl;Pgp
3,79267532459469e-48;0.45789870137229;0.307;0.076;1.2244652285454E-57;TexProl;Rfc1
5,48489866036445e-48;0.432028481815981;0.208;0.04;1.77079953249866E-57;TexProl;Gins2
1,63617913751529e-47;0.469086930133585;0.316;0.08;5.2824043454681E-57;TexProl;Rpa1
3,00605690241796e-47;0.551256612533359;0.264;0.061;9.70505470945639E-57;TexProl;Hells
5,66890301068564e-47;0.48509413204381;0.307;0.077;1.83020533699986E-56;TexProl;Baz1b
1,17435054158672e-46;0.389390208968594;0.117;0.014;3.79139072351271E-56;TexProl;Gm43305
1,23796199643614e-45;0.556944686997644;0.336;0.092;3.99676030549408E-55;TexProl;Uchl5
1,41803644403730e-46;0.612612147725399;0.47;0.154;4.57813065957441E-55;TexProl;Hpf1
1,72369427200384e-45;0.701170559239652;0.731;0.311;5.5649469571644E-55;TexProl;Hnrnpd
1,87004860221945e-45;0.5087331082319;0.465;0.148;6.03745191226551E-55;TexProl;Lbr
3,57248134914981e-45;0.46889970609509;0.271;0.065;1.15337560357301E-54;TexProl;Chaf1b
2,08710317018950e-45;0.495934503180268;0.431;0.133;6.73821258495681E-54;TexProl;Cnih4
2,50403420308770e-45;0.520361897901673;0.339;0.093;8.08427442466864E-54;TexProl;Cep57
2,64203732189188e-44;0.534275734331529;0.312;0.082;8.52981749372793E-54;TexProl;Mcm4
3,78148075134012e-44;0.527461707367143;0.352;0.1;1.22085106057016E-53;TexProl;Sdf2l1
4,15978782194459e-44;0.536083261707052;0.472;0.154;1.34298749831481E-53;TexProl;Cdk4
6,15392427821232e-44;0.346480568474286;0.122;0.016;1.98679445322085E-53;TexProl;Bard1
9,16623796044739e-44;0.665037669188159;0.738;0.307;2.95931992553044E-53;TexProl;Banf1
1,24599030264457e-43;0.480896427191579;0.318;0.085;4.02267969208798E-53;TexProl;Hat1
1,36343235968208e-43;0.481181765892382;0.316;0.084;4.40184137323361E-53;TexProl;Nudt4
2,98200907372265e-43;0.30091881075994;0.147;0.023;9.62741629451357E-53;TexProl;Bora
4,55061690460501e-43;0.462570636364091;0.287;0.072;1.46916666765173E-52;TexProl;Pole3
1,72098650991759e-42;0.52127226131967;0.47;0.156;5.55620494726895E-52;TexProl;Supt16
2,57482711837606e-42;0.423551566459048;0.151;0.025;8.3128293516771E-52;TexProl;Hirip3
4,86619535545472e-42;0.427235821398373;0.153;0.025;1.57105117050856E-51;TexProl;E2f1
2,58402039127775e-41;0.484868392997839;0.422;0.134;8.34250983324021E-51;TexProl;Ptges3
9,23111288564069e-41;0.456789435368547;0.998;0.957;2.9802647951291E-50;TexProl;Ppia
1,81835725710893e-40;0.562201611656009;0.718;0.295;5.87056640457617E-50;TexProl;Mrpl18
3,23403287872203e-40;0.340091828015791;0.124;0.018;1.04410751489541E-49;TexProl;Ska2
3,38627597662530e-41;0.5168942529337;0.549;0.199;1.09325919905348E-49;TexProl;Exosc8
5,15424254537333e-40;0.501756842823001;0.28;0.072;1.66404720577378E-49;TexProl;Rif1
8,04120509737527e-40;0.333467554656204;0.144;0.023;2.5961030656876E-49;TexProl;Suv39h1
1,39988826729076e-39;0.427233841911317;0.199;0.041;4.51953927094821E-49;TexProl;Slc29a1
2,50666622546504e-39;0.880628969981419;0.81;0.44;8.09277190891387E-49;TexProl;Arl6ip1
7,51113647778648e-39;0.371185053235884;0.167;0.031;2.42497041185336E-48;TexProl;Paxip1
2,65693147458400e-40;0.390941887334142;0.228;0.052;8.57790326569445E-48;TexProl;Rbbp8
4,85432050652982e-38;0.322632456261268;0.117;0.017;1.56721737553315E-47;TexProl;Shmt1
6,23649981995191e-38;0.294995579174368;0.111;0.015;2.01345396687148E-47;TexProl;Haus5
1,33066973883198e-37;0.41817069884172;0.284;0.075;4.29606725181904E-47;TexProl;Rangap1
4,47022242843013e-37;0.457421040480424;0.345;0.104;1.44321131101867E-46;TexProl;Lsm3
7,93117673880517e-37;0.451286599217158;0.185;0.038;2.56058041012325E-46;TexProl;Agfg2
1,61677444671623e-36;0.3311925858539;0.203;0.044;5.21975630122334E-46;TexProl;Fzr1
2,11198479413596e-36;0.307457847628189;0.124;0.019;6.81854290786795E-46;TexProl;Pkmyt1
1,72633484356289e-35;0.382657952315817;0.26;0.067;5.57347204244281E-45;TexProl;Khsrp
3,20567637256589e-35;0.475576297363272;0.422;0.141;1.0349526168829E-44;TexProl;Cbx1
4,22290175451694e-35;0.566017584073566;0.661;0.28;1.36336383144579E-44;TexProl;Hnrnpu
4,99761617664929e-35;0.375130591224685;0.221;0.052;1.61348038263122E-44;TexProl;Prdx4
1,17137644274639e-34;0.439033354855235;0.46;0.161;3.78178884540673E-44;TexProl;Srsf10
1,42148551847317e-34;0.42001420953087;0.359;0.112;4.58926599639061E-44;TexProl;Srsf1
1,77358474928218e-34;0.398826534561613;0.257;0.067;5.72601836305753E-44;TexProl;E2f2
7,86466222634318e-34;0.316884826871459;0.156;0.029;2.53910619977489E-43;TexProl;Rfwd3
9,88052779536545e-34;0.543411203899836;0.698;0.302;3.18992839873374E-43;TexProl;Ywhah
2,13157743217091e-33;0.331655708236176;0.196;0.043;6.8817977397638E-43;TexProl;Trim59
3,21176979296665e-33;0.404579114382608;0.246;0.063;1.03691987765928E-42;TexProl;Pds5a
1,54868764510964e-32;0.411711565533264;0.339;0.104;4.99993806223647E-42;TexProl;Ing1
1,73938658683616e-32;0.30720385112239;0.138;0.024;5.61560959560056E-42;TexProl;Mis12
1,80089436155664e-32;0.336299207042598;0.178;0.038;5.81418744628562E-42;TexProl;Tmem97
2,49706238110583e-32;0.497898232903203;0.275;0.077;8.06176589740017E-42;TexProl;Fam111a
1,91391677238165e-31;0.365228086450209;0.242;0.063;6.17908029963416E-41;TexProl;Psat1
2,07075156924831e-31;0.32418321634113;0.16;0.032;6.68542144131817E-41;TexProl;D030056L22Rik
6,50060338498433e-31;0.464187503615355;0.481;0.179;2.09871980284219E-40;TexProl;Smarca5
6,71374837305388e-31;0.367429545230677;0.219;0.054;2.16753366224045E-40;TexProl;Nup62
7,28318127073183e-31;0.407318252125447;0.474;0.173;2.35137507325577E-40;TexProl;Ctcf
1,42926852460409e-30;0.394878297418571;0.248;0.067;4.61439343168431E-40;TexProl;Ifi30
1,44755065190729e-30;0.324511340313067;0.172;0.036;4.6734172796827E-40;TexProl;Mns1
1,66030228075974e-30;0.335178380569785;0.129;0.022;5.36028591343283E-40;TexProl;Ckap2
3,45702113111428e-30;0.40031325918785;0.445;0.16;1.11609927218024E-39;TexProl;Rnps1
5,52306540836216e-30;0.419786473103791;0.381;0.128;1.78312166708972E-39;TexProl;Actn4
5,52616285486794e-30;0.442964060175138;0.323;0.102;1.78412167769411E-39;TexProl;Lyar
1,21683911824955e-29;0.350444149325045;0.176;0.039;3.92856509326868E-39;TexProl;Pola2
2,73603626420980e-30;0.471770272432896;0.587;0.242;8.83329307900134E-39;TexProl;Hprt
3,66995773744962e-29;0.367807789848865;0.339;0.109;1.18484585553561E-38;TexProl;Prelid3b
3,79909055993079e-29;0.344188649301241;0.221;0.057;1.22653638727366E-38;TexProl;Rnaseh2a
8,24909231941917e-29;0.480944802289896;0.607;0.256;2.66321945532448E-38;TexProl;U2af1
1,57503185986777e-28;0.380548382237374;0.341;0.111;5.08499035958308E-38;TexProl;Emd
1,69429528941014e-28;0.430530186968077;0.343;0.113;5.47003234186064E-38;TexProl;Paics
2,24790975782367e-28;0.39474506504871;0.354;0.118;7.25737665313372E-38;TexProl;Nt5c3b
5,23545879143592e-28;0.363992879195272;0.298;0.091;1.69026787081509E-37;TexProl;Smarcc1
5,26403281239825e-28;0.432879458318263;0.488;0.187;1.69949299348278E-37;TexProl;Smchd1
7,24306157792243e-28;0.283496945494032;0.142;0.028;2.33842243043226E-37;TexProl;Pole2
1,67641077592366e-27;0.395390765657793;0.391;0.137;5.41229219006955E-37;TexProl;Bex3
2,03471412698056e-27;0.404549235684327;0.564;0.229;6.56907455895674E-37;TexProl;Rpa2
2,39494226372676e-27;0.352077345931472;0.181;0.042;7.73207109844186E-37;TexProl;Meaf6
2,56843098421942e-27;0.303729327368474;0.223;0.059;8.29217943255241E-37;TexProl;Eed
3,43014715401644e-27;0.345227993124653;0.194;0.047;1.10742300867421E-36;TexProl;Brd8
3,53375706895453e-27;0.325441022012967;0.19;0.045;1.14087346971197E-36;TexProl;Pold3
4,89244905276218e-27;0.346881102957781;0.33;0.107;1.57952717668427E-36;TexProl;Eif1ad
5,79532595323621e-27;0.344421640932995;0.196;0.048;1.87102098400231E-36;TexProl;Rbmx2
1,47632545964287e-26;0.310616325359756;0.158;0.034;4.766316746457E-36;TexProl;Gm49980
1,88943766249014e-26;0.60105644179246;0.734;0.368;6.10004949334943E-36;TexProl;1810037I17Rik
2,23314486929798e-26;0.358416812180569;0.28;0.085;7.20970821052852E-36;TexProl;Ppih
2,91882149756486e-26;0.361255422054034;0.278;0.084;9.42341520488815E-36;TexProl;Cdkn3
5,62614465457635e-26;0.377984095051875;0.273;0.082;1.81640080172997E-35;TexProl;Gins4
1,18102869154153e-25;0.327449231430919;0.402;0.144;3.81295113064185E-35;TexProl;Snrnp40
1,28845098601379e-25;0.285288790030783;0.199;0.05;4.15976400834551E-35;TexProl;Xpo1
1,33453826795038e-25;0.384920838341018;0.388;0.139;4.3085567980778E-35;TexProl;Sae1
3,12341270267237e-25;0.332414582558074;0.354;0.121;1.00839379105778E-34;TexProl;Hspa14
3,19709436070637e-25;0.310295460857143;0.318;0.103;1.03218191435405E-34;TexProl;Snrnp25
3,23757969974900e-27;0.34207203663633;0.257;0.076;1.04525260606397E-34;TexProl;Stag2
3,48304331243971e-25;0.314305640750766;0.151;0.032;1.12450053342116E-34;TexProl;Mms22l
5,47830480423430e-26;0.349280977838447;0.214;0.058;1.76867070604705E-34;TexProl;Mcm2
7,39544374716734e-25;0.331650627732164;0.345;0.117;2.38761901377298E-34;TexProl;Hnrnpul1
7,42051044464716e-25;0.392176981907843;0.472;0.185;2.39571179705434E-34;TexProl;Zfp91
1,17294811849944e-24;0.344546801111;0.415;0.153;3.78686300057544E-34;TexProl;Ppm1g
1,43629944588644e-24;0.423143384641849;0.533;0.22;4.63709276104437E-34;TexProl;Ube2m
1,53818537565524e-24;0.582451235851462;0.806;0.422;4.96603148530295E-34;TexProl;Hnrnpa3
2,03151987780004e-24;0.345081548284114;0.395;0.144;6.55876192547743E-34;TexProl;Polr2c
3,60640558792102e-24;0.336635186186269;0.194;0.05;1.1643280440603E-33;TexProl;Srsf4
4,38034163964781e-24;0.259567895477301;0.126;0.024;1.4141932983603E-33;TexProl;Nup107
6,82983110852397e-24;0.256535501015702;0.142;0.03;2.20501097338696E-33;TexProl;Tmem109
7,30420296709301e-24;0.350902673828784;0.309;0.102;2.35816192792598E-33;TexProl;Maz
7,30424718590296e-24;0.32773417260674;0.375;0.134;2.35817620396877E-33;TexProl;Akt1
1,22659423219121e-23;0.431273523629677;0.492;0.2;3.96005947862933E-33;TexProl;Elof1
1,23928329395029e-23;0.265674332938358;0.169;0.04;4.00102611451853E-33;TexProl;Mis18a
1,25658573020895e-23;0.368651718330494;0.379;0.138;4.05688702997959E-33;TexProl;P4hb
1,39985767517750e-24;0.315910390512153;0.339;0.116;4.51944050431057E-33;TexProl;Fmc1
1,55874575364609e-23;0.419525416105512;0.37;0.134;5.0324106656464E-33;TexProl;Nop58
2,39527083731341e-23;0.327124446474216;0.307;0.101;7.73313189826633E-33;TexProl;Timm50
2,42440842034758e-23;0.260884064589415;0.174;0.042;7.82720258509217E-33;TexProl;Cdca7l
3,13364324988773e-23;0.366659103212948;0.357;0.127;1.01169672322625E-32;TexProl;Nop56
3,13619829820222e-23;0.560197886845776;0.921;0.563;1.01252162057459E-32;TexProl;Sumo2
4,34080713025601e-23;0.400430887742472;0.476;0.192;1.40142958200315E-32;TexProl;G3bp1
6,32935720758071e-23;0.411911405661221;0.603;0.262;2.04343297446743E-32;TexProl;Ppp1cc
6,63963269061343e-23;0.393161526988093;0.409;0.155;2.14360541416454E-32;TexProl;Syncrip
1,06154625994709e-22;0.354663057786728;0.33;0.114;3.42720210023919E-32;TexProl;Tuba4a
2,04414154826046e-22;0.280715065875297;0.269;0.084;6.59951098855888E-32;TexProl;Tcerg1
2,97958910594751e-22;0.294969520583932;0.181;0.046;9.61960342855155E-32;TexProl;Odf2
3,55150315848636e-22;0.376827686002853;0.553;0.234;1.14660279471732E-31;TexProl;Psmc3
3,78716852859107e-22;0.338291446207678;0.393;0.146;1.22268735945563E-31;TexProl;Lsm8
4,09205729447627e-22;0.334966912374584;0.447;0.174;1.32112069752166E-31;TexProl;Ndufv1
4,10364054770531e-22;0.267074358194369;0.144;0.032;1.32486035082666E-31;TexProl;Naa40
4,97642797924755e-22;0.345633725492429;0.429;0.166;1.60663977310007E-31;TexProl;Naa10
5,06501620143233e-22;0.316986439049877;0.28;0.09;1.63524048063243E-31;TexProl;Mpp6
9,18731190328706e-22;0.357364478300785;0.178;0.045;2.96612364797623E-31;TexProl;Cdc25b
9,26318851682439e-22;0.381806071195093;0.582;0.253;2.99062041265676E-31;TexProl;Fus
9,77687834162682e-22;0.447625815997049;0.555;0.245;3.15646517259422E-31;TexProl;Srrm1
1,55842657869467e-21;0.550868375678143;0.874;0.523;5.03138020931575E-31;TexProl;Hnrnpa2b1
1,65657095325458e-21;0.353744516481649;0.312;0.107;5.34823932258242E-31;TexProl;Stub1
2,05979309135132e-21;0.314385228419447;0.339;0.12;6.65004199542775E-31;TexProl;Uba2
2,30280828453779e-21;0.322283939661776;0.296;0.099;7.43461654663027E-31;TexProl;Stip1
4,49699406422439e-21;0.327563227443562;0.467;0.187;1.45185453363484E-30;TexProl;Ppig
5,46749470234042e-21;0.313424535984417;0.327;0.115;1.76518066465061E-30;TexProl;Psmd1
6,38680391608147e-21;0.402469163432526;0.501;0.212;2.0619796443069E-30;TexProl;Cenpx
6,40660476281586e-21;0.353610713007955;0.402;0.154;2.0683723476751E-30;TexProl;Utp3
1,30623577879549e-20;0.27718453661628;0.172;0.043;4.21718221184125E-30;TexProl;Dnaaf2
1,90777736065565e-20;0.423463114356516;0.576;0.26;6.15925920887677E-30;TexProl;Tpm4
3,26382104329138e-20;0.377273391994341;0.424;0.169;1.05372462382662E-29;TexProl;Nsmce4a
3,32388548815166e-20;0.293719321922621;0.298;0.101;1.07311642984976E-29;TexProl;Pbrm1
3,41790163143570e-21;0.280927829955048;0.255;0.081;1.10346954170902E-29;TexProl;Rbmxl1
3,90820073911453e-20;0.283501151516292;0.151;0.036;1.26176260862313E-29;TexProl;Cep295
4,01373025625265e-20;0.325820340652274;0.246;0.077;1.29583281323117E-29;TexProl;Thoc3
4,24443631081832e-20;0.372773721945474;0.433;0.174;1.37031626294769E-29;TexProl;Gltp
4,37082636804347e-20;0.370563307542512;0.569;0.249;1.41112129292283E-29;TexProl;Ddx39b
4,96919146757707e-20;0.297011345869897;0.422;0.164;1.60430346530726E-29;TexProl;Hnrnpr
6,75283303283413e-20;0.290572925854623;0.165;0.041;2.1801521446505E-29;TexProl;Cdca7
6,91422316934194e-20;0.42493655336696;0.549;0.243;2.23225695022204E-29;TexProl;Cirbp
8,53266301309057e-20;0.322560279845023;0.266;0.087;2.75477025377629E-29;TexProl;Metrn
8,77592603456513e-20;0.313891245540582;0.296;0.101;2.83330772025935E-29;TexProl;Me2
9,44042103016485e-20;0.3031476797742;0.395;0.151;3.04783992958872E-29;TexProl;Ppp4c
1,00253232896861e-19;0.310123707019098;0.375;0.14;3.23667562407515E-29;TexProl;Nfyb
1,91674962305198e-19;0.437697757001569;0.993;0.868;6.18822615802331E-29;TexProl;H3f3b
1,94054672117240e-20;0.374624558534105;0.377;0.146;6.26505508930511E-29;TexProl;Hmgn5
3,37838703124503e-19;0.346096877463518;0.339;0.125;1.09071225303746E-28;TexProl;Eif3b
3,68022314931133e-19;0.320498363939072;0.296;0.102;1.18816004375516E-28;TexProl;Rpn1
3,84859330076642e-19;0.253158611915803;0.298;0.102;1.24251834715244E-28;TexProl;Wbp11
4,69318237255899e-19;0.362434540296296;0.422;0.168;1.51519392898067E-28;TexProl;Tuba1a
5,46316686775990e-20;0.290264292148563;0.21;0.061;1.76378342325628E-28;TexProl;Usp14
5,80360138630320e-20;0.256107979720968;0.302;0.104;1.87369270756799E-28;TexProl;Cdc123
6,62215964670869e-19;0.321273116023805;0.488;0.204;2.1379642419399E-28;TexProl;Vdac3
9,76621893495680e-20;0.275492660008625;0.339;0.124;3.1530237831508E-28;TexProl;Actl6a
9,83348627325609e-19;0.333460763195482;0.354;0.133;3.17474104332073E-28;TexProl;Anapc11
1,00630761449803e-18;0.25162460722881;0.117;0.024;3.24886413340688E-28;TexProl;Haspin
1,08213533810019e-18;0.329464685245048;0.181;0.049;3.49367393905647E-28;TexProl;Ipo5
1,38981419804525e-18;0.354870853180352;0.573;0.253;4.48701513838908E-28;TexProl;Snrnp70
2,22382059221409e-18;0.412124520148764;0.628;0.292;7.1796047819632E-28;TexProl;Raly
3,75364737378058e-18;0.269027420084081;0.165;0.043;1.21186505462506E-27;TexProl;Akip1
4,70579273229920e-19;0.324775227172027;0.413;0.166;1.5192651836228E-27;TexProl;Med30
6,79469421243178e-18;0.256368582758165;0.37;0.141;2.1936670264836E-27;TexProl;Wbp4
8,33122683051854e-18;0.313001854642434;0.37;0.143;2.68973658223291E-27;TexProl;Gspt1
9,70723469452860e-19;0.252982423429765;0.104;0.02;3.13398072112856E-27;TexProl;Wdhd1
1,01729859538620e-18;0.318219627597587;0.255;0.084;3.28434851520435E-27;TexProl;Nolc1
1,27366053553148e-17;0.258109020592597;0.357;0.134;4.11201303896339E-27;TexProl;Ccar1
1,32399771468667e-17;0.26781625761453;0.366;0.139;4.27452662186591E-27;TexProl;Mrpl40
2,06779593657030e-18;0.406481791160403;0.704;0.351;6.67587918121723E-27;TexProl;Mrpl57
2,10057027315192e-17;0.286458832512479;0.233;0.073;6.78169112687098E-27;TexProl;Cbfb
2,31025656010815e-17;0.294884695961914;0.284;0.099;7.45866330430916E-27;TexProl;Myg1
3,39475584485223e-17;0.290947343938216;0.494;0.209;1.09599692451054E-26;TexProl;Psmc4
4,24499071576735e-17;0.332966332452415;0.21;0.064;1.37049525258549E-26;TexProl;Knstrn
4,38710191683419e-17;0.274838919145915;0.372;0.145;1.41637585384992E-26;TexProl;Dazap1
4,78735735570233e-17;0.305313565946766;0.291;0.103;1.5455983222885E-26;TexProl;Prkcsh
5,96194566180243e-17;0.277020409545336;0.214;0.066;1.92481415691291E-26;TexProl;Mthfd2
9,51687727426388e-17;0.277789984316911;0.474;0.2;3.07252382799609E-26;TexProl;Sms
9,64016768106709e-17;0.305035217254053;0.451;0.189;3.11232813583251E-26;TexProl;Eif4a3
9,98459117767004e-17;0.258883845893252;0.226;0.071;3.22352526171077E-26;TexProl;Atp2a2
1,04271835558697e-16;0.256986495887314;0.163;0.043;3.36641621101252E-26;TexProl;Tubgcp2
1,13491818581171e-16;0.28246468466266;0.3;0.108;3.66408336289311E-26;TexProl;Ppp1r35
1,29783130736700e-18;0.297212571349426;0.497;0.213;4.19004837583437E-26;TexProl;Nubp1
1,56503666239216e-16;0.317816559094876;0.235;0.076;5.05272086453309E-26;TexProl;Naa50
1,72964010329951e-16;0.279822743222066;0.208;0.063;5.58414307350246E-26;TexProl;Azin1
1,95769858488982e-16;0.26543507108029;0.266;0.091;6.32042988131677E-26;TexProl;Rcc2
1,96362791465270e-17;0.365499216874276;0.625;0.298;6.33957272245625E-26;TexProl;Hsp90b1
1,96813448033289e-16;0.283501889987035;0.327;0.122;6.35412216975474E-26;TexProl;Mat2a
3,43956456867313e-16;0.370373971930309;0.679;0.33;1.11046342099612E-25;TexProl;Sf3b2
3,89636353824398e-16;0.335599473391266;0.612;0.288;1.25794096832207E-25;TexProl;Rnaseh2c
4,13090678907180e-17;0.272816545137128;0.131;0.031;1.33366325685183E-25;TexProl;Cse1l
5,12558019690186e-16;0.346420989506713;0.278;0.099;1.65479356656976E-25;TexProl;Hdlbp
5,42973849885005e-16;0.29250981208624;0.208;0.064;1.75299107435374E-25;TexProl;Ube2e3
5,49264213473533e-16;0.291618633682052;0.327;0.123;1.7732995131993E-25;TexProl;Plp2
6,74010857604325e-16;0.269567111392573;0.214;0.067;2.17604405377556E-25;TexProl;Get4
7,67605553194361e-16;0.314671613824583;0.169;0.047;2.478214528488E-25;TexProl;Carhsp1
8,08028359091426e-16;0.258612926159817;0.178;0.05;2.60871955732667E-25;TexProl;Asf1a
8,67937357128007e-16;0.275574921729486;0.133;0.032;2.80213575748777E-25;TexProl;Sac3d1
1,96635463365159e-15;0.267698465549593;0.278;0.098;6.34837593474416E-25;TexProl;Emc8
2,07675036915135e-15;0.276643222438577;0.345;0.133;6.70478856680512E-25;TexProl;Srsf6
2,74575684208640e-16;0.410119984033346;0.413;0.175;8.86467596467594E-25;TexProl;Ubald2
2,87726193802729e-15;0.281754453161314;0.418;0.173;9.2892401669211E-25;TexProl;Hnrnpdl
3,49963383509686e-15;0.261817584720482;0.185;0.054;1.12985678366102E-24;TexProl;Smarcc2
3,60839943679000e-18;0.254420246679366;0.23;0.075;1.16497175816765E-24;TexProl;Memo1
4,11575956000167e-15;0.291838483301171;0.307;0.114;1.32877297394654E-24;TexProl;Fh1
5,75756955819576e-15;0.285824592534836;0.321;0.122;1.8588313318635E-24;TexProl;Nsmce2
9,97109559596943e-15;0.261756973288539;0.354;0.14;3.21916821315873E-24;TexProl;Polr3k
1,07637055054005e-14;0.283675535439606;0.208;0.066;3.47506232241854E-24;TexProl;A430005L14Rik
1,09470796574002e-14;0.253319192315537;0.108;0.023;3.53426466739165E-24;TexProl;Cdk2
2,16408206084141e-14;0.293445277110084;0.203;0.064;6.98673893342648E-24;TexProl;Nde1
2,36410133996354e-14;0.290385224143129;0.242;0.082;7.6325011760723E-24;TexProl;Phip
2,58180973140558e-14;0.251587735461297;0.248;0.085;8.33537271784291E-24;TexProl;Fam92a
2,70752320798337e-14;0.268209890356434;0.348;0.137;8.74123867697432E-24;TexProl;Tgfb1
3,10909307340636e-14;0.368176685620921;0.56;0.266;1.00377069874924E-23;TexProl;Rbm8a
3,59349061046942e-14;0.288573128974748;0.341;0.134;1.16015844359005E-23;TexProl;Etfa
5,08012071009086e-14;0.319367407732316;0.393;0.165;1.64011697125284E-23;TexProl;Thrap3
6,44889041076076e-14;0.315683969803704;0.623;0.294;2.08202426911411E-23;TexProl;Mrps18c
9,12140894803516e-14;0.300081252255977;0.63;0.302;2.94484687887315E-23;TexProl;Luc7l2
1,46601256648679e-13;0.263578046148816;0.348;0.139;4.73302157090259E-23;TexProl;Rdx
1,82636124308798e-13;0.290663670465714;0.44;0.191;5.89640727330955E-23;TexProl;Psmd14
3,14052796200286e-13;0.256088190290578;0.117;0.028;1.01391945253262E-22;TexProl;Zmynd19
3,34510385212240e-14;0.268316798455316;0.165;0.047;1.07996677865772E-22;TexProl;Creld2
3,85681378081975e-13;0.310825778164109;0.4;0.17;1.24517232913766E-22;TexProl;Rtn3
3,96090054481178e-13;0.409195842252529;0.804;0.446;1.27877674089248E-22;TexProl;Jpt1
5,93143454208827e-13;0.256294447500696;0.221;0.074;1.9149636419132E-22;TexProl;Ppp2r2d
8,22022136448299e-13;0.253586026593222;0.187;0.058;2.65389846752333E-22;TexProl;Parp1
1,00257894234349e-12;0.285063314775763;0.156;0.044;3.23682611535597E-22;TexProl;Umps
1,18486334336154e-12;0.263424271457586;0.223;0.076;3.82533130404273E-22;TexProl;Rnf126
1,64020573647140e-13;0.399681798529149;0.754;0.413;5.29540422019792E-22;TexProl;Gpx4
2,25471321194432e-12;0.258207168185114;0.318;0.125;7.27934160476222E-22;TexProl;Ubtf
4,62631950175380e-13;0.268486223540092;0.49;0.223;1.49360725114122E-21;TexProl;Ube2a
6,39340477098147e-12;0.271545734818899;0.56;0.262;2.06411073031137E-21;TexProl;Nudt21
7,76004728004168e-12;0.259030064758482;0.178;0.055;2.50533126436146E-21;TexProl;Cinp
1,06240015185335e-11;0.256866247539466;0.512;0.237;3.42995889025853E-21;TexProl;Mrpl51
1,47806222131742e-11;0.264661162424008;0.458;0.207;4.7719238815233E-21;TexProl;Mapre1
1,51122352123885e-11;0.257496764797906;0.381;0.162;4.87898513831964E-21;TexProl;Cdv3
2,38930117185437e-11;0.279189241204815;0.343;0.142;7.71385883333185E-21;TexProl;Scaf11
4,42536532326934e-11;0.315303541986721;0.501;0.237;1.42872919461751E-20;TexProl;Pcbp1
5,56225700786435e-11;0.254346017437675;0.28;0.107;1.79577467498901E-20;TexProl;Fdx1
1,26266560474779e-10;0.270195976602162;0.275;0.106;4.07651590492824E-20;TexProl;Ptpa
1,56604919830370e-11;0.405008375369118;0.966;0.767;5.05598983672349E-20;TexProl;H3f3a
2,25114446792135e-10;0.334443159731795;0.314;0.129;7.26781991468408E-20;TexProl;Fkbp5
2,32262662385797e-10;0.26401065671567;0.652;0.325;7.49860005512545E-20;TexProl;Fkbp3
2,48201081271185e-10;0.423108826572241;0.923;0.64;8.01317190884022E-20;TexProl;Cox5a
2,51915214376544e-10;0.268143747942919;0.659;0.332;8.13308269614671E-20;TexProl;Trir
6,05559808137608e-10;0.267922817089775;0.239;0.089;1.95504984057227E-19;TexProl;Cops3
7,70183873925164e-10;0.299687308226425;0.616;0.314;2.48653863696739E-19;TexProl;Ssb
8,52396195027982e-10;0.251058408960033;0.221;0.079;2.75196111564784E-19;TexProl;Rad50
1,33670659254758e-09;0.287248053775033;0.465;0.217;4.31555723403987E-19;TexProl;Mrpl42
2,27742303478090e-10;0.349864578230895;0.745;0.406;7.35266026779014E-19;TexProl;Ube2i
2,49973115427523e-09;0.337643773820274;0.691;0.368;8.07038203157759E-19;TexProl;Tpr
3,01972758181482e-09;0.253838067728268;0.438;0.201;9.74919049788916E-19;TexProl;Ssbp4
3,93795671680048e-09;0.283569627581604;0.51;0.247;1.27136932601903E-18;TexProl;Lman2
5,77070854052642e-09;0.271389436845743;0.632;0.32;1.86307325230895E-18;TexProl;Pabpn1
7,47930191808724e-09;0.372017518873704;0.804;0.457;2.41469262425447E-18;TexProl;Tpm3
7,56455521720138e-09;0.267107179466057;0.359;0.158;2.44221665187347E-18;TexProl;Vdac1
1,09077717749524e-08;0.254956228064887;0.612;0.311;3.52157411754337E-18;TexProl;Tap1
1,17055689710353e-08;0.27555350159628;0.652;0.335;3.77914294229875E-18;TexProl;Pcbp2
2,07437538253316e-08;0.399022770627937;0.989;0.846;6.6971209225083E-18;TexProl;Ubb
2,35421937219733e-07;0.266622958461215;0.623;0.324;7.60059724313907E-17;TexProl;Polr2j
6,98188811232616e-07;0.255191422994088;0.569;0.292;2.2541025770645E-16;TexProl;Eloc
1,02712885715696e-02;0.312636702552827;0.837;0.537;3.31608551533124E-12;TexProl;Hnrnpf
3,08345855222682e-01;0.294036230868708;0.835;0.543;9.9549459358643E-11;TexProl;Cox7a2
3,41200287915204e-01;0.274924573513404;0.993;0.841;1.10156512953424E-10;TexProl;Hspa8
0,00000000000000e+00;4.24342519885677;0.998;0.26;0;TexExh;Ccl4
0,00000000000000e+00;3.62428477404423;0.93;0.22;0;TexExh;Ccl3
5,77803406233071e-233;2.05383161886188;0.726;0.251;1.86543829702347E-242;TexExh;Ifng
8,35123870744431e-92;0.833256703900158;0.169;0.027;2.6961974166984E-101;TexExh;Egr1
9,26045769071599e-64;0.951330798719528;0.53;0.252;2.98973876544766E-73;TexExh;Bcl2a1b
3,76174377201852e-37;0.745879848013115;0.608;0.35;1.21447897679618E-46;TexExh;Dusp2
2,14031919791634e-31;0.610078306950848;0.255;0.097;6.91002053047289E-41;TexExh;Orai1
2,76713336333693e-29;0.667331001395851;0.476;0.257;8.93369006353328E-39;TexExh;Rilpl2
3,98257241880822e-24;0.332769743799336;0.1;0.024;1.28577350541223E-33;TexExh;Irf4
2,53228384394690e-17;0.409651336406949;0.152;0.054;8.17547839018256E-26;TexExh;Fasl
3,59099639139314e-16;0.356656392847345;0.143;0.049;1.15935318496128E-25;TexExh;Rel
1,21961765811896e-15;0.514114376422343;0.203;0.086;3.93753560923707E-25;TexExh;Nfkbiz
1,11057579455580e-15;0.473446873675883;0.245;0.113;3.5854939527234E-24;TexExh;Gpr65
4,40709950569462e-11;0.443218099046354;0.319;0.172;1.42283207541351E-20;TexExh;Slamf7
3,64542507718686e-10;0.439635117517658;0.168;0.072;1.17692548616978E-19;TexExh;Bcl2a1d
7,45569399421979e-10;0.485769719313536;0.439;0.27;2.40707080603386E-19;TexExh;Lag3
2,59426360874482e-09;0.485147359628225;0.477;0.311;8.37558006083265E-19;TexExh;Hspa5
5,45573025705083e-09;0.384974573906132;0.334;0.186;1.76138251348886E-18;TexExh;Baz1a
3,23563190440136e-07;0.346995078166964;0.12;0.046;1.04462376033598E-16;TexExh;Myc
5,86556711681682e-06;0.323818817759518;0.297;0.165;1.89369834366431E-15;TexExh;Sla
6,84526992176453e-06;0.384510004143808;0.412;0.256;2.20999539424168E-15;TexExh;Ier2
1,47834246375671e-04;0.267540685268452;0.119;0.048;4.77282864423853E-14;TexExh;Mdfic
2,14398157823178e-04;0.329639106661447;0.179;0.086;6.92184452532129E-14;TexExh;Lyst
4,82311766516981e-04;0.309793448981759;0.207;0.105;1.55714353820007E-13;TexExh;Ubash3b
4,97985478393410e-05;0.385333202634677;0.306;0.18;1.60774611699312E-13;TexExh;Bhlhe40
2,53244511680572e-02;0.346306907923791;0.202;0.107;8.17599905960726E-12;TexExh;Znrd2
3,18981019543930e-03;0.336715341496308;0.6;0.433;1.02983022159758E-11;TexExh;Ndfip1
3,99685641082893e-02;0.374310290220089;0.392;0.254;1.29038509223612E-11;TexExh;Plek
2,67399942311609e-01;0.314376710589664;0.268;0.157;8.63300713753029E-11;TexExh;Slc3a2
7,86881475817184e-01;0.292853082111773;0.463;0.314;2.54044684467578E-10;TexExh;Ptms
3,81683067384763e+00;0.309534556955439;0.129;0.061;1.23226378305171E-09;TexExh;Morrbid
3,47137468587093e+01;0.298691645390342;0.672;0.517;1.12073331733343E-08;TexExh;Gimap5
1,77802024557718e+03;0.276432837467037;0.143;0.077;5.74033836284591E-07;TexExh;N4bp1
3,23849205805208e+03;0.274634757643722;0.256;0.163;1.04554716094211E-06;TexExh;Pdia6
5,88006020112924e+03;0.267748712906958;0.184;0.108;1.89837743593457E-06;TexExh;4921524J17Rik
1,68879028562637e+04;0.263557920775719;0.203;0.124;5.45225943714473E-06;TexExh;Tmem165
5,65053110492246e-74;0.472192487438982;0.712;0.509;1.82427396722422E-83;TexEarly;Atp5g3
3,17902588732090e-72;0.499775972553132;0.553;0.356;1.02634850772155E-80;TexEarly;Etfb
1,10834293388280e-71;0.503073149269011;0.483;0.295;3.57828516204062E-80;TexEarly;Ndufa12
6,12234877639374e-67;0.411474634360181;0.811;0.632;1.97660030245872E-76;TexEarly;Ndufa4
2,17126916185249e-66;0.4662160230871;0.627;0.429;7.00994248904076E-76;TexEarly;Hnrnpa1
7,83516813724822e-61;0.451217649912414;0.189;0.079;2.52958403311059E-70;TexEarly;Gsto1
2,25297039563871e-58;0.463270381926405;0.343;0.19;7.27371492231959E-68;TexEarly;C1qbp
6,78984544385782e-58;0.326222039085942;0.921;0.813;2.1921016015495E-67;TexEarly;Nme2
1,68591573698401e-55;0.421407206077886;0.441;0.268;5.44297895685289E-65;TexEarly;Ssr2
3,11560335978801e-54;0.414702199452865;0.315;0.17;1.00587254470756E-63;TexEarly;Ebna1bp2
1,93855422746112e-53;0.425890208196365;0.541;0.36;6.25862232335824E-63;TexEarly;Timm13
6,84583233075355e-50;0.328519370911276;0.872;0.723;2.21017696798378E-59;TexEarly;Elob
4,45546104038840e-50;0.396350881777616;0.297;0.161;1.4384455968894E-58;TexEarly;Bcl7c
6,33984891765567e-49;0.396367650488618;0.5;0.323;2.04682022306513E-58;TexEarly;Swi5
7,11811687895646e-49;0.394846912358087;0.181;0.08;2.29808403437109E-58;TexEarly;Gldc
7,55558505466313e-49;0.378552414232236;0.615;0.43;2.43932063489799E-58;TexEarly;Atp5k
5,18664877472976e-47;0.289585876158614;0.124;0.044;1.6745095569215E-56;TexEarly;Mt3
1,50431464624346e-46;0.380715109260263;0.525;0.35;4.85667983539702E-56;TexEarly;Cct2
7,96023181397611e-45;0.356448297088165;0.311;0.174;2.56996084114219E-54;TexEarly;Lsm7
1,02142429102151e-44;0.385555372373241;0.416;0.258;3.29766832356295E-54;TexEarly;Rbis
6,45639004996028e-44;0.394627679518332;0.34;0.201;2.08444552762968E-53;TexEarly;Cct3
2,67328703575638e-43;0.36005307855968;0.726;0.56;8.63070719493948E-53;TexEarly;Snrpd2
4,87235293532305e-43;0.358558166855923;0.523;0.352;1.57303914516905E-52;TexEarly;Mdh2
7,17579263337734e-42;0.323235582545967;0.782;0.619;2.31670465168587E-51;TexEarly;Psmb3
6,88129921554659e-41;0.373526815014036;0.5;0.335;2.22162745173922E-50;TexEarly;Pdcd5
5,44628415605846e-40;0.353352106161054;0.59;0.416;1.75833283978347E-49;TexEarly;Sec11c
6,23633260979382e-40;0.282255949497581;0.921;0.819;2.01339998307193E-49;TexEarly;Atp5e
8,43376651144854e-40;0.350479394941107;0.408;0.256;2.72284151822116E-49;TexEarly;Esd
9,61450490563935e-40;0.36038123205423;0.482;0.321;3.10404290878567E-49;TexEarly;Llph
3,41149148453291e-39;0.329775665565003;0.734;0.562;1.10140002578145E-48;TexEarly;Slc25a3
4,08985766017564e-39;0.35539360453586;0.59;0.42;1.32041054558771E-48;TexEarly;Ndufb8
1,43219248959958e-38;0.367187916464772;0.522;0.362;4.62383345267225E-48;TexEarly;Psmb2
2,63055475750727e-38;0.352854385710482;0.479;0.318;8.4927460346122E-48;TexEarly;Bzw1
1,51819217776040e-38;0.364015290137973;0.448;0.296;4.90148344589947E-47;TexEarly;Romo1
4,35764921249282e-37;0.33453712771717;0.374;0.231;1.40686704825331E-46;TexEarly;Polr2k
2,29569069063139e-36;0.336830609825286;0.555;0.389;7.41163739470346E-46;TexEarly;Psmb5
4,05814812339189e-36;0.339579166709628;0.332;0.201;1.31017312163707E-45;TexEarly;Mrpl12
6,56494800847513e-35;0.333823662094155;0.314;0.187;2.1194934645362E-44;TexEarly;Glrx5
9,39942747649123e-35;0.319205993800474;0.609;0.438;3.0346051607852E-44;TexEarly;Eif3i
1,37854898716444e-34;0.330427102151894;0.166;0.078;4.45064540506038E-44;TexEarly;Prpf19
1,84428724616037e-34;0.318949788876637;0.496;0.338;5.95428137422876E-44;TexEarly;Cct5
2,69124922831294e-34;0.305987829919911;0.311;0.184;8.68869813360833E-44;TexEarly;Cacybp
4,14962978849043e-34;0.341878860950626;0.635;0.47;1.33970797721414E-43;TexEarly;Srp9
6,13939110167113e-34;0.329750878734496;0.398;0.254;1.98210241717453E-43;TexEarly;Pdcd6
1,39214852207163e-33;0.30060613663391;0.797;0.653;4.49455150350826E-43;TexEarly;Ftl1
1,76090607693851e-33;0.332230481936002;0.418;0.274;5.68508526939597E-43;TexEarly;Uqcc2
1,91982162369071e-33;0.322028626996637;0.74;0.58;6.19814411208544E-43;TexEarly;H2afj
2,43154961180304e-33;0.319538715959301;0.632;0.464;7.8502579217061E-43;TexEarly;Psmb4
5,94175446068022e-33;0.310456364214723;0.516;0.357;1.91829542763061E-42;TexEarly;Eif3c
1,13376963850903e-32;0.284581912131013;0.199;0.102;3.66037527792641E-42;TexEarly;Eif3j1
2,27251506468773e-31;0.328889304843598;0.624;0.459;7.33681488634434E-41;TexEarly;Lsm4
2,50483225291550e-32;0.309805933081677;0.379;0.243;8.08685092853769E-41;TexEarly;Akr1b3
3,86929823307895e-31;0.343337143696211;0.126;0.055;1.24920293454954E-40;TexEarly;Itih5
4,53091149080767e-31;0.332449662190071;0.276;0.163;1.46280477480726E-40;TexEarly;Sod1
8,54867620833727e-31;0.337116826460494;0.454;0.309;2.75994011386169E-40;TexEarly;Bax
1,32098977429151e-30;0.330149952482402;0.399;0.265;4.26481548630014E-40;TexEarly;Ndufb6
1,58286831650151e-30;0.298913465748992;0.228;0.125;5.11029035982513E-40;TexEarly;M6pr
5,74287389173589e-30;0.316419238116455;0.483;0.33;1.85408683594693E-39;TexEarly;Mdh1
1,68314010706849e-29;0.313834687149122;0.518;0.363;5.43401783567062E-39;TexEarly;Ndufs6
3,16207707060251e-29;0.296859153482159;0.362;0.23;1.02087658224402E-38;TexEarly;Mrps36
8,55073881659066e-29;0.310676575471374;0.388;0.253;2.7606060269363E-38;TexEarly;Sfr1
1,26482157737379e-28;0.288507897034344;0.22;0.121;4.08347646255128E-38;TexEarly;Zfp593
1,46672959638080e-29;0.30477691156948;0.334;0.21;4.7353365019154E-38;TexEarly;Ube2n
3,08632098281137e-28;0.259255656013575;0.234;0.131;9.96418729300652E-38;TexEarly;St13
4,05898876056857e-28;0.258337000757844;0.83;0.679;1.31044452134956E-37;TexEarly;Sec61b
7,97824052247865e-28;0.277637701523528;0.479;0.328;2.57577495268223E-37;TexEarly;Pdia3
1,93641271271102e-27;0.307081682298049;0.212;0.117;6.25170844298754E-37;TexEarly;Acads
2,04607207245326e-27;0.312057013077594;0.436;0.296;6.60574368591534E-37;TexEarly;Tomm5
3,57156524718677e-27;0.295785508178369;0.536;0.383;1.15307984005425E-36;TexEarly;Uqcr11
5,65671142217737e-27;0.292910485781983;0.398;0.262;1.82626928264997E-36;TexEarly;Psmd13
6,80010510357129e-27;0.316867996667102;0.227;0.129;2.19541393268799E-36;TexEarly;Foxn3
1,17681749510477e-26;0.304965518508232;0.479;0.332;3.79935528294574E-36;TexEarly;Bag1
1,80938613874577e-26;0.295961597281676;0.364;0.236;5.84160314894071E-36;TexEarly;Uqcrc1
2,64917223089409e-26;0.280020122420158;0.165;0.084;8.55285254744158E-36;TexEarly;Lactb
4,10544594140718e-26;0.304120590796947;0.24;0.139;1.32544322218331E-35;TexEarly;Mlf2
6,05724433826264e-26;0.311021168372281;0.41;0.278;1.95558133460809E-35;TexEarly;Phb2
1,00304490872453e-25;0.27065722785746;0.173;0.09;3.23833048781715E-35;TexEarly;Odc1
1,07981841480394e-25;0.271778383588105;0.178;0.093;3.48619375219451E-35;TexEarly;Hspa9
1,63801217519640e-26;0.264869226939322;0.131;0.061;5.28832230762156E-35;TexEarly;Aimp2
3,17376550041027e-25;0.270680118623531;0.381;0.25;1.02465019180746E-34;TexEarly;Svbp
5,31733542207096e-25;0.299815392714975;0.574;0.427;1.71670174101561E-34;TexEarly;Micos10
1,11893587650379e-24;0.257273075487151;0.29;0.178;3.61248447729248E-34;TexEarly;Psmd12
1,95973376271779e-24;0.27703013740757;0.441;0.302;6.32700045293439E-34;TexEarly;Ywhae
1,96474697876982e-24;0.277805234627097;0.431;0.296;6.34318562095836E-34;TexEarly;Cct7
2,17303735916514e-24;0.259252762838604;0.143;0.07;7.01565111406465E-34;TexEarly;Mybbp1a
1,51369020823436e-23;0.28668811486207;0.171;0.09;4.88694883728464E-33;TexEarly;Hadh
1,68787398540497e-23;0.296158686686624;0.656;0.517;5.44930116187994E-33;TexEarly;Psma7
2,10110601450376e-23;0.261135130763822;0.252;0.15;6.78342076782538E-33;TexEarly;Arl1
4,46038752922763e-23;0.251788189145704;0.262;0.158;1.44003611381114E-32;TexEarly;Samm50
5,03684000588751e-23;0.266716885518962;0.475;0.331;1.62614379590078E-32;TexEarly;Gm19585
8,46119644507463e-23;0.256700658426786;0.421;0.287;2.73169727229235E-32;TexEarly;Cct8
1,13638705036393e-22;0.27345939217711;0.186;0.102;3.66882559209993E-32;TexEarly;Polr2h
1,46632212705077e-22;0.313171663065373;0.162;0.085;4.7340209871834E-32;TexEarly;Pmm1
2,84953472280767e-22;0.278666565235946;0.293;0.185;9.19972285258455E-32;TexEarly;Cct6a
2,94533808895469e-22;0.262293745313118;0.524;0.38;9.50902402019021E-32;TexEarly;Rtraf
3,56723167450489e-22;0.28451385007497;0.463;0.327;1.15168074611391E-31;TexEarly;Il2rb
4,24073365493995e-22;0.261865912856349;0.681;0.524;1.36912086049736E-31;TexEarly;Capzb
6,43996096942141e-22;0.260364274218527;0.263;0.16;2.0791413989777E-31;TexEarly;Ufm1
7,43698917666953e-22;0.256126425920177;0.448;0.314;2.40103195568776E-31;TexEarly;Ndufs5
1,18039954874184e-21;0.251341015752394;0.278;0.172;3.81091994311302E-31;TexEarly;Psmd6
1,52384176451366e-21;0.292243793730065;0.484;0.351;4.91972313673236E-31;TexEarly;Mrpl20
1,78373414899523e-21;0.269287330731076;0.554;0.407;5.7587857000311E-31;TexEarly;Sf3b6
3,32600640885636e-21;0.259055677776272;0.308;0.196;1.07380116909928E-30;TexEarly;Denr
3,36871920763485e-21;0.252530704745178;0.254;0.154;1.08759099618491E-30;TexEarly;Ddx21
3,86867612668371e-21;0.250362324319565;0.131;0.064;1.24900208749984E-30;TexEarly;Rrp15
4,02566394260469e-21;0.254649930179355;0.337;0.22;1.29968560386992E-30;TexEarly;Pop5
4,35969038977539e-21;0.256965583382561;0.328;0.212;1.40752604233899E-30;TexEarly;Tmed10
4,76241101833625e-21;0.250120659374725;0.137;0.068;1.53754439726986E-30;TexEarly;Mapkapk2
4,92241180751064e-21;0.259008439937148;0.618;0.467;1.58920065205481E-30;TexEarly;Atp5a1
1,19312498818250e-21;0.270982519547038;0.63;0.485;3.8520040243472E-30;TexEarly;Pomp
1,48911037278315e-20;0.251375935685622;0.17;0.092;4.8075928385304E-30;TexEarly;Mrto4
2,00030465591240e-21;0.255614598027565;0.307;0.196;6.4579835816132E-30;TexEarly;Rrp1
2,09765849475517e-20;0.261492610825321;0.438;0.305;6.77229045031706E-30;TexEarly;Uqcrfs1
4,53034114721878e-20;0.269793498684297;0.622;0.479;1.46262063937958E-29;TexEarly;Park7
1,38172997057990e-20;0.261550768213853;0.319;0.209;4.4609152100172E-29;TexEarly;Rnf7
1,52264464209079e-19;0.275634347949304;0.329;0.216;4.91585822699011E-29;TexEarly;Cstb
1,62349253774895e-19;0.273625732666508;0.266;0.167;5.24144565812248E-29;TexEarly;Rsl1d1
2,44097593265784e-19;0.254414163809834;0.184;0.104;7.88069079858585E-29;TexEarly;Gatad1
3,29316284994704e-19;0.308194568055892;0.17;0.094;1.0631976261054E-28;TexEarly;Raf1
3,63032644749859e-19;0.25202212298668;0.171;0.094;1.17205089357492E-28;TexEarly;Dpp3
1,54502315938322e-18;0.272885521065471;0.208;0.122;4.98810727006871E-28;TexEarly;Gsr
2,99518793130060e-19;0.259235947347854;0.497;0.362;9.669964236204E-28;TexEarly;B4galnt1
3,54028697132000e-21;0.256510270031604;0.223;0.135;1.14298164869066E-27;TexEarly;Hddc2
5,90919717735391e-18;0.261669897347756;0.286;0.185;1.90778430870871E-27;TexEarly;Bola3
1,03490932155271e-17;0.292553759035472;0.363;0.249;3.34120474463293E-27;TexEarly;Gng10
1,43527601776957e-17;0.257107682038917;0.137;0.072;4.63378862336907E-27;TexEarly;Eea1
1,56494170732509e-17;0.257504132200258;0.376;0.261;5.05241430209905E-27;TexEarly;Timm23
2,30103534097467e-17;0.266103612245403;0.138;0.072;7.42889259833672E-27;TexEarly;Pafah1b3
1,04789077541640e-14;0.255848176689561;0.441;0.322;3.38311536843185E-23;TexEarly;Zdhhc18
0,00000000000000e+00;0.872448770885943;0.992;0.855;0;TexInt;Lgals1
0,00000000000000e+00;0.818218392877926;0.9;0.709;0;TexInt;Vim
0,00000000000000e+00;0.642138103368193;1;1;0;TexInt;Tmsb4x
0,00000000000000e+00;0.477064664888291;1;0.995;0;TexInt;Actb
5,59296281361701e-221;0.499597072333122;0.962;0.897;1.80568804437625E-230;TexInt;Actg1
1,59659573637350e-204;0.612930467106886;0.86;0.72;5.15460933488183E-213;TexInt;S100a11
1,18472922097683e-180;0.447128473136932;0.95;0.884;3.82489828992371E-190;TexInt;Myl6
1,60412472994078e-132;0.519212620556085;0.781;0.659;5.17891669061381E-142;TexInt;Dnajc15
3,10304178902488e-115;0.344064105472548;0.974;0.94;1.00181704158668E-124;TexInt;Pfn1
1,87929836895584e-113;0.353246556494213;0.945;0.897;6.06731478417393E-123;TexInt;Coro1a
6,74809925440899e-112;0.379308795612397;0.934;0.884;2.17862384428594E-121;TexInt;Arhgdib
4,53033079308892e-105;0.455438967571469;0.825;0.743;1.46261729654876E-114;TexInt;Gmfg
2,58168648119239e-100;0.39068327994498;0.892;0.821;8.33497480452964E-110;TexInt;Sh3bgrl3
6,42385188642891e-92;0.519190590302913;0.687;0.567;2.07394058153358E-101;TexInt;S100a13
9,30794985392770e-75;0.38824185366374;0.807;0.734;3.00507161034056E-83;TexInt;Cd3g
1,06757074826997e-64;0.427861182083726;0.708;0.621;3.44665216078959E-74;TexInt;Emp3
9,72010696326977e-62;0.565993636004992;0.45;0.323;3.13813653309164E-71;TexInt;Itgb7
1,76208304249819e-51;0.412312757598429;0.668;0.585;5.6888851027054E-61;TexInt;Cdc42
3,85195668316306e-51;0.532335056645408;0.472;0.366;1.24360421515919E-60;TexInt;Pglyrp1
1,04856815391659e-50;0.538298168755002;0.395;0.281;3.3853022849197E-60;TexInt;Il18r1
4,53034902821466e-50;0.381386635847699;0.754;0.685;1.4626231837591E-59;TexInt;Ly6e
1,68897058282159e-49;0.357381018645529;0.732;0.663;5.45284152663952E-59;TexInt;Ndufa13
1,17982607873180e-48;0.317975702323792;0.812;0.749;3.80906849518563E-57;TexInt;Ptprcap
7,07818288217682e-45;0.281772682703202;0.896;0.841;2.28519134351079E-54;TexInt;Calm1
1,20673664746337e-44;0.324319241364463;0.806;0.755;3.89594926633549E-54;TexInt;Cyba
2,34567311121747e-41;0.544243584747191;0.307;0.208;7.57300563956561E-51;TexInt;Gng2
4,30752812826319e-34;0.372335962857847;0.591;0.515;1.39068545620977E-43;TexInt;Reep5
8,65346326965990e-28;0.370291930143594;0.543;0.471;2.7937706166097E-36;TexInt;Krtcap2
9,69903431950562e-27;0.356465450187061;0.598;0.528;3.13133323005239E-36;TexInt;Myl12a
2,59125719387839e-26;0.407327843781132;0.47;0.39;8.36587385043639E-36;TexInt;Anxa6
6,14661035037578e-26;0.420950524858846;0.284;0.2;1.98443315161882E-35;TexInt;Dok2
3,05311974917504e-23;0.343717302615103;0.578;0.513;9.85699711021163E-33;TexInt;Psmb9
7,44296234141853e-23;0.280420255098224;0.76;0.706;2.40296039192697E-32;TexInt;Itm2b
1,57349237718122e-20;0.274003317277546;0.704;0.655;5.08002013972958E-30;TexInt;Tspo
1,27110856419361e-18;0.266778052719271;0.69;0.636;4.10377399949908E-28;TexInt;Ndufb7
7,46788791013341e-15;0.406676618426736;0.351;0.284;2.41100761178657E-24;TexInt;Chmp2a
9,70463284633299e-15;0.412183587566511;0.157;0.1;3.13314071443861E-24;TexInt;Rora
4,01616912630210e-15;0.314661792833997;0.515;0.455;1.29662020242663E-23;TexInt;Ostf1
7,65336586271488e-14;0.388702831830971;0.321;0.255;2.4708891687775E-23;TexInt;Ech1
1,61959965276786e-13;0.35507314267401;0.472;0.42;5.22887747896103E-23;TexInt;Tomm6
1,36197760723323e-12;0.34033865833797;0.118;0.069;4.39714470495249E-22;TexInt;Myo1f
1,15885724278958e-11;0.379089338230613;0.266;0.202;3.74137060834617E-21;TexInt;Phf11b
1,40698580815843e-11;0.355129378075407;0.283;0.216;4.54245368163949E-21;TexInt;Glipr2
1,80817523030255e-11;0.298279811921521;0.583;0.537;5.83769373103177E-21;TexInt;Cox17
3,26738001910630e-12;0.32804742105752;0.118;0.071;1.05487363916847E-20;TexInt;Hdac1
3,75884471409765e-10;0.405201856447686;0.315;0.255;1.21354301594643E-19;TexInt;Dap
4,42481775943176e-10;0.330200660755955;0.306;0.24;1.42855241363255E-19;TexInt;Rinl
1,39752696008368e-09;0.273118650437759;0.605;0.569;4.51191579063017E-19;TexInt;Actr3
2,58565720370823e-09;0.340912377325185;0.27;0.207;8.34779428217202E-19;TexInt;Hsd11b1
4,70046410170837e-08;0.37880501206486;0.289;0.233;1.51754483523655E-17;TexInt;Crlf2
1,13508119425354e-07;0.360468434431916;0.16;0.11;3.66460963564754E-17;TexInt;Zbtb32
3,95390829622749e-07;0.29189318278599;0.524;0.483;1.27651929343705E-16;TexInt;Psmb10
4,73440089250324e-07;0.252318471998934;0.586;0.549;1.52850132814467E-16;TexInt;Arpc5
1,30506155069190e-07;0.278794030709792;0.483;0.435;4.21339121640878E-16;TexInt;Thy1
1,69059747704048e-06;0.274471338089353;0.513;0.473;5.45809395462519E-16;TexInt;Prelid1
3,66722894631989e-06;0.342044598192535;0.389;0.34;1.18396486531938E-15;TexInt;Cap1
5,64236930365796e-06;0.32921625285045;0.15;0.103;1.82163892968597E-15;TexInt;1700097N02Rik
6,94606509877468e-06;0.271057793946076;0.533;0.492;2.24253711713941E-15;TexInt;Dynll1
1,87954147783248e-05;0.276936572163216;0.135;0.089;6.06809966118216E-15;TexInt;Gm26740
4,44083618933821e-04;0.348246195875569;0.281;0.231;1.43372396372784E-13;TexInt;Manf
5,12381820380339e-04;0.298865172825378;0.431;0.387;1.65422470709793E-13;TexInt;Prr13
1,28492027041558e-03;0.323618376623417;0.197;0.15;4.1483650930367E-13;TexInt;Bin1
1,59676144758020e-04;0.28079053485572;0.424;0.377;5.15514433351268E-13;TexInt;Mrps16
2,23015912631173e-03;0.256360352132732;0.491;0.449;7.20006873929741E-13;TexInt;Tmem50a
1,08223155517971e-02;0.298466182284175;0.16;0.116;3.49398457589768E-12;TexInt;0610010K14Rik
1,36454271044381e-02;0.294744672147046;0.39;0.345;4.40542614066784E-12;TexInt;Arl6ip5
2,01584834461972e-02;0.302424637133734;0.386;0.344;6.50816638060476E-12;TexInt;Ap2s1
2,12619258350925e-02;0.291933494436161;0.364;0.317;6.86441275585961E-12;TexInt;Leprotl1
1,36034201751563e-01;0.35567449674107;0.149;0.109;4.39186420354921E-11;TexInt;Capg
1,94237366706539e-01;0.25639345004701;0.467;0.434;6.27095338412063E-11;TexInt;Psmd8
1,54054988640818e+00;0.266096609776907;0.126;0.089;4.97366530826882E-10;TexInt;Cd44
5,84036741915576e+00;0.266846439370645;0.105;0.072;1.88556262127444E-09;TexInt;Sytl1
4,33753689647430e+00;0.279961013406285;0.207;0.165;1.40037378702673E-08;TexInt;Sike1
7,13996753756042e+01;0.262111737127789;0.396;0.364;2.30513851950138E-08;TexInt;Spcs2
2,59671194318126e+03;0.269700321009456;0.216;0.179;8.38348450856069E-07;TexInt;Nmi
3,36657766252266e+03;0.274550676515071;0.316;0.281;1.08689959834544E-06;TexInt;Bin2
7,15100096276659e+03;0.2557588916403;0.371;0.342;2.30870066082919E-06;TexInt;Efhd2
7,40817901273747e+03;0.258939616283544;0.242;0.204;2.39173059426229E-06;TexInt;Plgrkt
1,99615543045484e+04;0.280008026494769;0.196;0.162;6.44458780722345E-06;TexInt;Myo1g
1,34838592725374e+05;0.277203495159602;0.18;0.15;4.3532639661387E-05;TexInt;Ccdc124
3,72671214849292e+05;0.250698433967055;0.304;0.272;0.000120316901714;TexInt;Rsrp1
3,35186696141376e+06;0.252403567126186;0.315;0.29;0.001082150248492;TexInt;Ppp1r18
7,35210067458576e+06;0.252967479528832;0.214;0.186;0.00237362570279;TexInt;Tpst2
1,56391323000304e+07;0.261342270159915;0.248;0.224;0.005049093863065;TexInt;Eno1
9,11295953715171e-68;0.847784563547203;0.126;0.033;2.94211898656943E-77;TexCX3CR1;Cx3cr1
3,01389400717603e-30;0.397899085422766;0.834;0.808;9.73035680216782E-40;TexCX3CR1;H2-Q7
1,84663587593399e-25;0.35963240353416;0.826;0.818;5.96186392545289E-35;TexCX3CR1;Ptpn18
1,89941772336828e-17;0.587701719936784;0.425;0.335;6.1322701198945E-27;TexCX3CR1;Txnip
2,79601652040488e-01;0.452734117511072;0.147;0.093;9.02693933612714E-11;TexCX3CR1;Ifi214
1,89433630621191e+00;0.484230185828153;0.187;0.132;6.11586476460516E-10;TexCX3CR1;AU020206
2,62938346057204e+00;0.399632866081548;0.147;0.095;8.48896450245682E-10;TexCX3CR1;Ifi206
5,82113406203358e+01;0.422573808911195;0.136;0.089;1.87935313192754E-08;TexCX3CR1;Gm30054
4,79119918711458e+02;0.438363386726832;0.22;0.168;1.54683865755994E-07;TexCX3CR1;Ypel3
5,57120779097214e+02;0.484341161485216;0.284;0.236;1.79866443531535E-07;TexCX3CR1;Dock2
1,89745556495030e+03;0.354664567024936;0.106;0.069;6.12593529144206E-06;TexCX3CR1;Sdcbp2
2,72127975613759e+04;0.402883386758287;0.151;0.108;8.78565169269021E-06;TexCX3CR1;Lfng
4,72771754509939e+05;0.417011909857387;0.213;0.171;0.000152634360944;TexCX3CR1;Ppp1r12a
1,02594945724481e+06;0.350402168092568;0.442;0.426;0.000331227782271;TexCX3CR1;Gimap3
2,10003804284839e+07;0.382618302464201;0.161;0.125;0.006779972821336;TexCX3CR1;Ifi209
4,68059923642831e+07;0.389484551578299;0.287;0.256;0.015111314634809;TexCX3CR1;Smap2
5,09064765959526e+07;0.384503971142833;0.331;0.309;0.016435155969003;TexCX3CR1;Stat1
6,00150402543361e+07;0.262371526404267;0.569;0.597;0.019375855746112;TexCX3CR1;Cd3e
0,00000000000000e+00;3.87822672436903;1;0.352;0;TexCyt;Gzma
7,63447295266773e-90;0.702082586542124;0.187;0.055;2.46478959276878E-99;TexCyt;Klrb1c
3,42448366464739e-89;0.61020481694442;0.112;0.021;1.10559455113141E-98;TexCyt;Khdc1a
1,62135151160927e-59;0.60098187908792;0.105;0.026;5.23453335523052E-69;TexCyt;Klre1
1,64227749932040e-46;0.443858440955882;0.121;0.038;5.30209290655591E-55;TexCyt;Esm1
5,61563281200567e-37;0.604666328108945;0.179;0.078;1.81300705335603E-46;TexCyt;Fcer1g
3,17918293128607e-25;0.45440081847939;0.151;0.068;1.02639920936571E-34;TexCyt;Klrg1
1,25880453313194e-21;0.371833059327058;0.105;0.041;4.06405043521646E-31;TexCyt;G0s2
6,70490064836110e-18;0.335151906776724;0.571;0.434;2.16467717432338E-26;TexCyt;Ifngr1
1,27375230489204e-15;0.30607999108307;0.101;0.042;4.11230931634395E-25;TexCyt;Fgl2
3,67675560483882e-14;0.318375310097462;0.118;0.055;1.18704054702221E-23;TexCyt;Lat2
6,92434721644928e-07;0.327328644779366;0.186;0.114;2.23552549883065E-16;TexCyt;Mfsd10
4,44314399037767e-06;0.295918691449043;0.439;0.338;1.43446903729343E-15;TexCyt;Higd1a
3,36416603839666e-03;0.256484458805456;0.438;0.339;1.08612100549636E-12;TexCyt;Drap1
6,16017757563919e-03;0.255260319365615;0.167;0.105;1.98881333029511E-12;TexCyt;Osbpl3
3,30008750352505e-01;0.250972380951396;0.139;0.086;1.06543325051306E-10;TexCyt;Zfp787
1,52383129033771e+00;0.250429908151159;0.315;0.235;4.9196893208553E-10;TexCyt;Prex1
7,46213033489112e+01;0.261946733924374;0.313;0.24;2.4091487786196E-08;TexCyt;Anapc13
